ID_ANIMAL;Lot;Infestation;Date;Jour_Prlv;Ht;FEC;Age;Poids;GMQinst;GMQtot;Pepsino;TM_Pep;Date dosage;Plaque_peps;Jour_serum;Tps_exc;Censure;Ht0;p0;pep0
167394;LupNInf;1;22/03/2016;J-13;NA;NA;116;36730;NA;NA;NA;NA;NA;A;NA;NA;;NA;NA;NA
167394;LupNInf;1;04/04/2016;J0;41;0;129;38230;115.4;NA;44;1167;02/06/2016;A;J0;NA;;41;38230;44
167394;LupNInf;1;18/04/2016;J14;36;NA;143;NA;NA;NA;124;1167;02/06/2016;A;J14;NA;;41;38230;44
167394;LupNInf;1;22/04/2016;J18;40;0;147;40490;125.6;NA;NA;NA;NA;A;NA;NA;;41;38230;44
167394;LupNInf;1;25/04/2016;J21;39;0;150;41350;286.7;NA;NA;NA;NA;A;NA;NA;;41;38230;44
167394;LupNInf;1;28/04/2016;J24;43;0;153;39450;-633.3;NA;NA;NA;NA;A;NA;NA;;41;38230;44
167394;LupNInf;1;04/05/2016;J30;36;0;159;41960;418.3;124.3;184;1167;02/06/2016;A;JFin;NA;;41;38230;44
167394;LupNInf;2;23/05/2016;J0;38;0;178;40830;-59.5;NA;328;1149;29/06/2016;A;J0;NA;;38;40830;328
167394;LupNInf;2;06/06/2016;J14;35;NA;192;NA;NA;NA;402;968;07/07/2016;A;J14;NA;;38;40830;328
167394;LupNInf;2;10/06/2016;J18;34;0;196;43980;175;NA;NA;NA;NA;A;NA;NA;;38;40830;328
167394;LupNInf;2;13/06/2016;J21;33;0;199;44530;183.3;NA;NA;NA;NA;A;NA;NA;;38;40830;328
167394;LupNInf;2;16/06/2016;J24;33;0;202;46680;716.7;NA;NA;NA;NA;A;NA;NA;;38;40830;328
167394;LupNInf;2;22/06/2016;J30;33;0;208;45000;-280;139;458;1149;29/06/2016;A;JFin;NA;;38;40830;328
167396;ConcNInf;1;22/03/2016;J-13;NA;NA;116;36230;NA;NA;NA;NA;NA;A;NA;NA;;NA;NA;NA
167396;ConcNInf;1;04/04/2016;J0;39;0;129;36520;22.3;NA;234;1167;02/06/2016;A;J0;NA;;39;36520;234
167396;ConcNInf;1;18/04/2016;J14;41;NA;143;NA;NA;NA;193;1167;02/06/2016;A;J14;NA;;39;36520;234
167396;ConcNInf;1;22/04/2016;J18;40;0;147;42270;319.4;NA;NA;NA;NA;A;NA;NA;;39;36520;234
167396;ConcNInf;1;25/04/2016;J21;42;0;150;42430;53.3;NA;NA;NA;NA;A;NA;NA;;39;36520;234
167396;ConcNInf;1;28/04/2016;J24;44;0;153;40500;-643.3;NA;NA;NA;NA;A;NA;NA;;39;36520;234
167396;ConcNInf;1;04/05/2016;J30;39;0;159;43880;563.3;245.3;385;1167;02/06/2016;A;JFin;NA;;39;36520;234
167396;ConcNInf;2;23/05/2016;J0;40;0;178;45950;108.9;NA;271;1149;29/06/2016;A;J0;NA;;40;45950;271
167396;ConcNInf;2;06/06/2016;J14;36;NA;192;NA;NA;NA;287;968;07/07/2016;A;J14;NA;;40;45950;271
167396;ConcNInf;2;10/06/2016;J18;37;0;196;46190;13.3;NA;NA;NA;NA;A;NA;NA;;40;45950;271
167396;ConcNInf;2;13/06/2016;J21;38;0;199;47230;346.7;NA;NA;NA;NA;A;NA;NA;;40;45950;271
167396;ConcNInf;2;16/06/2016;J24;39;0;202;48280;350;NA;NA;NA;NA;A;NA;NA;;40;45950;271
167396;ConcNInf;2;22/06/2016;J30;38;0;208;46170;-351.7;7.3;210;1149;29/06/2016;A;JFin;NA;;40;45950;271
167397;LupInf;1;22/03/2016;J-13;NA;NA;116;34610;NA;NA;NA;NA;NA;A;NA;NA;;NA;NA;NA
167397;LupInf;1;04/04/2016;J0;39;0;129;39060;342.3;NA;99;1167;02/06/2016;A;J0;NA;;39;39060;99
167397;LupInf;1;18/04/2016;J14;41;NA;143;NA;NA;NA;628;1167;02/06/2016;A;J14;NA;;39;39060;99
167397;LupInf;1;22/04/2016;J18;28;0;147;42540;193.3;NA;NA;NA;NA;A;NA;NA;;39;39060;99
167397;LupInf;1;25/04/2016;J21;24;1750;150;42580;13.3;NA;NA;NA;NA;A;NA;NA;;39;39060;99
167397;LupInf;1;28/04/2016;J24;20;7200;153;42690;36.7;NA;NA;NA;NA;A;NA;NA;;39;39060;99
167397;LupInf;1;04/05/2016;J30;21;5350;159;42380;-51.7;151.3;308;1167;02/06/2016;A;JFin;21;1;39;39060;99
167397;LupInf;2;23/05/2016;J0;36;0;178;44970;136.3;NA;214;1149;29/06/2016;A;J0;NA;;36;44970;214
167397;LupInf;2;06/06/2016;J14;44;NA;192;NA;NA;NA;647;1149;29/06/2016;A;J14;NA;;36;44970;214
167397;LupInf;2;10/06/2016;J18;37;0;196;47950;165.6;NA;NA;NA;NA;A;NA;NA;;36;44970;214
167397;LupInf;2;13/06/2016;J21;36;0;199;46670;-426.7;NA;NA;NA;NA;A;NA;NA;;36;44970;214
167397;LupInf;2;16/06/2016;J24;35;0;202;46240;-143.3;NA;NA;NA;NA;A;NA;NA;;36;44970;214
167397;LupInf;2;22/06/2016;J30;34;2900;208;46650;68.3;-108.3;288;1149;29/06/2016;A;JFin;30;1;36;44970;214
167402;ConcInf;1;22/03/2016;J-13;NA;NA;115;37200;NA;NA;NA;NA;NA;A;NA;NA;;NA;NA;NA
167402;ConcInf;1;04/04/2016;J0;39;0;128;39230;156.2;NA;121;1167;02/06/2016;A;J0;NA;;39;39230;121
167402;ConcInf;1;18/04/2016;J14;33;NA;142;NA;NA;NA;668;1167;02/06/2016;A;J14;NA;;39;39230;121
167402;ConcInf;1;22/04/2016;J18;26;0;146;43380;230.6;NA;NA;NA;NA;A;NA;NA;;39;39230;121
167402;ConcInf;1;25/04/2016;J21;26;135;149;42140;-413.3;NA;NA;NA;NA;A;NA;NA;;39;39230;121
167402;ConcInf;1;28/04/2016;J24;25;4400;152;40930;-403.3;NA;NA;NA;NA;A;NA;NA;;39;39230;121
167402;ConcInf;1;04/05/2016;J30;24;8750;158;42800;311.7;70.8;381;1167;02/06/2016;A;JFin;21;1;39;39230;121
167402;ConcInf;2;23/05/2016;J0;39;0;177;46600;200;NA;214;1149;29/06/2016;A;J0;NA;;39;46600;214
167402;ConcInf;2;06/06/2016;J14;39;NA;191;NA;NA;NA;435;1149;29/06/2016;A;J14;NA;;39;46600;214
167402;ConcInf;2;10/06/2016;J18;39;0;195;46530;-3.9;NA;NA;NA;NA;A;NA;NA;;39;46600;214
167402;ConcInf;2;13/06/2016;J21;37;0;198;47680;383.3;NA;NA;NA;NA;A;NA;NA;;39;46600;214
167402;ConcInf;2;16/06/2016;J24;37;180;201;49090;470;NA;NA;NA;NA;A;NA;NA;;39;46600;214
167402;ConcInf;2;22/06/2016;J30;34;2450;207;48200;-148.3;139.2;301;1149;29/06/2016;A;JFin;24;1;39;46600;214
167405;ConcInf;1;22/03/2016;J-13;NA;NA;114;32030;NA;NA;NA;NA;NA;A;NA;NA;;NA;NA;NA
167405;ConcInf;1;04/04/2016;J0;41;0;127;34120;160.8;NA;931;1167;02/06/2016;A;J0;NA;;41;34120;931
167405;ConcInf;1;18/04/2016;J14;34;NA;141;NA;NA;NA;2233;1167;02/06/2016;A;J14;NA;;41;34120;931
167405;ConcInf;1;22/04/2016;J18;23;0;145;39590;303.9;NA;NA;NA;NA;A;NA;NA;;41;34120;931
167405;ConcInf;1;25/04/2016;J21;20;5300;148;37920;-556.7;NA;NA;NA;NA;A;NA;NA;;41;34120;931
167405;ConcInf;1;28/04/2016;J24;16;19650;151;35930;-663.3;NA;NA;NA;NA;A;NA;NA;;41;34120;931
167405;ConcInf;1;02/05/2016;J28;13;21450;155;34780;-287.5;75.4;1224;1167;02/06/2016;A;JFin;21;1;41;34120;931
167405;ConcInf;2;23/05/2016;J0;36;0;176;38680;185.7;NA;991;968;07/07/2016;A;J0;NA;;36;38680;991
167405;ConcInf;2;06/06/2016;J14;37;NA;190;NA;NA;NA;2121;968;07/07/2016;A;J14;NA;;36;38680;991
167405;ConcInf;2;10/06/2016;J18;38;0;194;42030;186.1;NA;NA;NA;NA;A;NA;NA;;36;38680;957
167405;ConcInf;2;13/06/2016;J21;37;0;197;41960;-23.3;NA;NA;NA;NA;A;NA;NA;;36;38680;957
167405;ConcInf;2;16/06/2016;J24;38;0;200;41450;-170;NA;NA;NA;NA;A;NA;NA;;36;38680;957
167405;ConcInf;2;22/06/2016;J30;38;0;206;39830;-270;-183.3;2692;968;07/07/2016;A;JFin;30;0;36;38680;991
167417;ConcNInf;1;22/03/2016;J-13;NA;NA;113;38680;NA;NA;NA;NA;NA;B;NA;NA;;NA;NA;NA
167417;ConcNInf;1;04/04/2016;J0;43;0;126;38130;-42.3;NA;110;1167;02/06/2016;B;J0;NA;;43;38130;110
167417;ConcNInf;1;18/04/2016;J14;42;NA;140;NA;NA;NA;125;1167;02/06/2016;B;J14;NA;;43;38130;110
167417;ConcNInf;1;22/04/2016;J18;41;0;144;42620;249.4;NA;NA;NA;NA;B;NA;NA;;43;38130;110
167417;ConcNInf;1;25/04/2016;J21;41;0;147;42650;10;NA;NA;NA;NA;B;NA;NA;;43;38130;110
167417;ConcNInf;1;28/04/2016;J24;42;0;150;41640;-336.7;NA;NA;NA;NA;B;NA;NA;;43;38130;110
167417;ConcNInf;1;04/05/2016;J30;37;0;156;45200;593.3;235.7;212;1167;02/06/2016;B;JFin;NA;;43;38130;110
167417;ConcNInf;2;23/05/2016;J0;39;0;175;46800;84.2;NA;282;1149;29/06/2016;B;J0;NA;;39;46800;282
167417;ConcNInf;2;06/06/2016;J14;35;NA;189;NA;NA;NA;353;1149;29/06/2016;B;J14;NA;;39;46800;282
167417;ConcNInf;2;10/06/2016;J18;36;0;193;48150;75;NA;NA;NA;NA;B;NA;NA;;39;46800;282
167417;ConcNInf;2;13/06/2016;J21;35;0;196;49370;406.7;NA;NA;NA;NA;B;NA;NA;;39;46800;282
167417;ConcNInf;2;16/06/2016;J24;36;0;199;52240;956.7;NA;NA;NA;NA;B;NA;NA;;39;46800;282
167417;ConcNInf;2;22/06/2016;J30;37;0;205;48440;-633.3;54.7;341;1149;29/06/2016;B;JFin;NA;;39;46800;282
167418;LupNInf;1;22/03/2016;J-13;NA;NA;113;35950;NA;NA;NA;NA;NA;B;NA;NA;;NA;NA;NA
167418;LupNInf;1;04/04/2016;J0;36;0;126;40930;383.1;NA;304;1167;02/06/2016;A;J0;NA;;36;40930;304
167418;LupNInf;1;18/04/2016;J14;39;NA;140;NA;NA;NA;420;1167;02/06/2016;A;J14;NA;;36;40930;304
167418;LupNInf;1;22/04/2016;J18;41;0;144;45980;280.6;NA;NA;NA;NA;A;NA;NA;;36;40930;304
167418;LupNInf;1;25/04/2016;J21;37;0;147;45860;-40;NA;NA;NA;NA;A;NA;NA;;36;40930;304
167418;LupNInf;1;28/04/2016;J24;38;0;150;45590;-90;NA;NA;NA;NA;A;NA;NA;;36;40930;304
167418;LupNInf;1;04/05/2016;J30;39;0;156;46490;150;185.3;580;1167;02/06/2016;A;JFin;NA;;36;40930;304
167418;LupNInf;2;23/05/2016;J0;40;0;175;49420;154.2;NA;917;1149;29/06/2016;A;J0;NA;;40;49420;917
167418;LupNInf;2;06/06/2016;J14;41;NA;189;NA;NA;NA;700;1149;29/06/2016;A;J14;NA;;40;49420;917
167418;LupNInf;2;10/06/2016;J18;37;0;193;53760;241.1;NA;NA;NA;NA;A;NA;NA;;40;49420;917
167418;LupNInf;2;13/06/2016;J21;38;0;196;49060;-1566.7;NA;NA;NA;NA;A;NA;NA;;40;49420;917
167418;LupNInf;2;16/06/2016;J24;39;0;199;50140;360;NA;NA;NA;NA;A;NA;NA;;40;49420;917
167418;LupNInf;2;22/06/2016;J30;37;0;205;49950;-31.7;17.7;706;1149;29/06/2016;A;JFin;NA;;40;49420;917
167420;LupInf;1;22/03/2016;J-13;NA;NA;113;35610;NA;NA;NA;NA;NA;A;NA;NA;;NA;NA;NA
167420;LupInf;1;04/04/2016;J0;36;0;126;38970;258.5;NA;322;1167;02/06/2016;A;J0;NA;;36;38970;322
167420;LupInf;1;18/04/2016;J14;29;NA;140;NA;NA;NA;1671;1167;02/06/2016;A;J14;NA;;36;38970;322
167420;LupInf;1;22/04/2016;J18;22;45;144;36770;-122.2;NA;NA;NA;NA;B;NA;NA;;36;38970;322
167420;LupInf;1;25/04/2016;J21;17;8250;147;36370;-133.3;NA;NA;NA;NA;B;NA;NA;;36;38970;322
167420;LupInf;1;28/04/2016;J24;13;33500;150;35470;-300;NA;NA;NA;NA;B;NA;NA;;36;38970;322
167420;LupInf;1;04/05/2016;J30;;;156;35870;66.7;-145.8;613;1167;02/06/2016;B;JFin;18;1;36;38970;322
167420;LupInf;2;23/05/2016;J0;31;0;175;38770;152.6;NA;537;1149;29/06/2016;A;J0;NA;;31;38770;537
167420;LupInf;2;06/06/2016;J14;34;NA;189;NA;NA;NA;1028;1149;29/06/2016;A;J14;NA;;31;38770;537
167420;LupInf;2;10/06/2016;J18;28;0;193;41880;172.8;NA;NA;NA;NA;B;NA;NA;;31;38770;537
167420;LupInf;2;13/06/2016;J21;30;0;196;42340;153.3;NA;NA;NA;NA;B;NA;NA;;31;38770;537
167420;LupInf;2;16/06/2016;J24;28;360;199;45480;1046.7;NA;NA;NA;NA;B;NA;NA;;31;38770;537
167420;LupInf;2;22/06/2016;J30;26;3150;205;43890;-265;167.5;611;1149;29/06/2016;B;JFin;24;1;31;38770;537
167422;LupInf;1;22/03/2016;J-13;NA;NA;113;35560;NA;NA;NA;NA;NA;B;NA;NA;;NA;NA;NA
167422;LupInf;1;04/04/2016;J0;40;0;126;37920;181.5;NA;98;1167;02/06/2016;B;J0;NA;;40;37920;98
167422;LupInf;1;18/04/2016;J14;33;NA;140;NA;NA;NA;578;1167;02/06/2016;B;J14;NA;;40;37920;98
167422;LupInf;1;22/04/2016;J18;25;75;144;39560;91.1;NA;NA;NA;NA;B;NA;NA;;40;37920;98
167422;LupInf;1;25/04/2016;J21;20;10700;147;37850;-570;NA;NA;NA;NA;B;NA;NA;;40;37920;98
167422;LupInf;1;28/04/2016;J24;16;16750;150;37860;3.3;NA;NA;NA;NA;B;NA;NA;;40;37920;98
167422;LupInf;1;04/05/2016;J30;12;32300;156;35750;-351.7;-2.5;253;1167;02/06/2016;B;JFin;18;1;40;37920;98
167422;LupInf;2;23/05/2016;J0;30;0;175;39130;177.9;NA;191;968;07/07/2016;A;J0;NA;;30;39130;191
167422;LupInf;2;06/06/2016;J14;32;NA;189;NA;NA;NA;535;968;07/07/2016;A;J14;NA;;30;39130;191
167422;LupInf;2;10/06/2016;J18;31;0;193;45010;326.7;NA;NA;NA;NA;B;NA;NA;;30;39130;-115
167422;LupInf;2;13/06/2016;J21;29;0;196;42040;-990;NA;NA;NA;NA;B;NA;NA;;30;39130;-115
167422;LupInf;2;16/06/2016;J24;31;1035;199;41790;-83.3;NA;NA;NA;NA;B;NA;NA;;30;39130;-115
167422;LupInf;2;22/06/2016;J30;29;4100;205;40780;-168.3;-352.5;671;968;07/07/2016;A;JFin;24;1;30;39130;191
167423;ConcInf;1;22/03/2016;J-13;NA;NA;113;31870;NA;NA;NA;NA;NA;B;NA;NA;;NA;NA;NA
167423;ConcInf;1;04/04/2016;J0;41;0;126;32650;60;NA;246;1167;02/06/2016;B;J0;NA;;41;32650;246
167423;ConcInf;1;18/04/2016;J14;32;NA;140;NA;NA;NA;1031;1167;02/06/2016;B;J14;NA;;41;32650;246
167423;ConcInf;1;22/04/2016;J18;25;1455;144;37240;255;NA;NA;NA;NA;B;NA;NA;;41;32650;246
167423;ConcInf;1;25/04/2016;J21;22;2505;147;37160;-26.7;NA;NA;NA;NA;B;NA;NA;;41;32650;246
167423;ConcInf;1;28/04/2016;J24;21;49600;150;35320;-613.3;NA;NA;NA;NA;B;NA;NA;;41;32650;246
167423;ConcInf;1;04/05/2016;J30;15;42500;156;32970;-391.7;111.3;368;1167;02/06/2016;B;JFin;18;1;41;32650;246
167423;ConcInf;2;23/05/2016;J0;32;0;175;36840;203.7;NA;310;1149;29/06/2016;B;J0;NA;;32;36840;310
167423;ConcInf;2;06/06/2016;J14;38;NA;189;NA;NA;NA;641;1149;29/06/2016;B;J14;NA;;32;36840;310
167423;ConcInf;2;10/06/2016;J18;31;705;193;38750;106.1;NA;NA;NA;NA;B;NA;NA;;32;36840;310
167423;ConcInf;2;13/06/2016;J21;30;3450;196;40030;426.7;NA;NA;NA;NA;B;NA;NA;;32;36840;310
167423;ConcInf;2;16/06/2016;J24;29;5850;199;40400;123.3;NA;NA;NA;NA;B;NA;NA;;32;36840;310
167423;ConcInf;2;22/06/2016;J30;30;15050;205;40740;56.7;165.8;489;1149;29/06/2016;B;JFin;18;1;32;36840;310
167426;LupNInf;1;22/03/2016;J-13;NA;NA;113;32050;NA;NA;NA;NA;NA;B;NA;NA;;NA;NA;NA
167426;LupNInf;1;04/04/2016;J0;40;0;126;31100;-73.1;NA;301;1167;02/06/2016;B;J0;NA;;40;31100;301
167426;LupNInf;1;18/04/2016;J14;43;NA;140;NA;NA;NA;255;1167;02/06/2016;B;J14;NA;;40;31100;301
167426;LupNInf;1;22/04/2016;J18;43;0;144;31400;16.7;NA;NA;NA;NA;B;NA;NA;;40;31100;301
167426;LupNInf;1;25/04/2016;J21;42;0;147;31240;-53.3;NA;NA;NA;NA;B;NA;NA;;40;31100;301
167426;LupNInf;1;28/04/2016;J24;41;0;150;29740;-500;NA;NA;NA;NA;B;NA;NA;;40;31100;301
167426;LupNInf;1;04/05/2016;J30;37;0;156;31570;305;15.7;378;1167;02/06/2016;B;JFin;NA;;40;31100;301
167426;LupNInf;2;23/05/2016;J0;38;0;175;31820;13.2;NA;632;1149;29/06/2016;B;J0;NA;;38;31820;632
167426;LupNInf;2;06/06/2016;J14;34;NA;189;NA;NA;NA;383;1149;29/06/2016;B;J14;NA;;38;31820;632
167426;LupNInf;2;10/06/2016;J18;32;0;193;32890;59.4;NA;NA;NA;NA;B;NA;NA;;38;31820;632
167426;LupNInf;2;13/06/2016;J21;31;0;196;31400;-496.7;NA;NA;NA;NA;B;NA;NA;;38;31820;632
167426;LupNInf;2;16/06/2016;J24;34;0;199;30700;-233.3;NA;NA;NA;NA;B;NA;NA;;38;31820;632
167426;LupNInf;2;22/06/2016;J30;33;0;205;30610;-15;-40.3;641;1149;29/06/2016;B;JFin;NA;;38;31820;632
167427;LupInf;1;22/03/2016;J-13;NA;NA;113;29340;NA;NA;NA;NA;NA;B;NA;NA;;NA;NA;NA
167427;LupInf;1;04/04/2016;J0;34;0;126;26830;-193.1;NA;255;1167;02/06/2016;B;J0;NA;;34;26830;255
167427;LupInf;1;18/04/2016;J14;26;NA;140;NA;NA;NA;1134;1167;02/06/2016;C;J14;NA;;34;26830;255
167427;LupInf;1;22/04/2016;J18;16;1665;144;25800;-57.2;NA;NA;NA;NA;C;NA;NA;;34;26830;255
167427;LupInf;1;25/04/2016;J21;11;25500;147;24800;-333.3;NA;NA;NA;NA;C;NA;NA;;34;26830;255
167427;LupInf;1;28/04/2016;J24;NA;NA;150;24290;-170;NA;NA;NA;NA;C;NA;NA;;34;26830;255
167427;LupInf;1;04/05/2016;J30;NA;NA;156;23400;-148.3;-105.8;NA;1167;02/06/2016;C;JFin;18;1;34;26830;255
167427;LupInf;2;23/05/2016;J0;26;0;175;24180;41.1;NA;393;1149;29/06/2016;B;J0;NA;;26;24180;393
167427;LupInf;2;06/06/2016;J14;29;NA;189;NA;NA;NA;993;1149;29/06/2016;C;J14;NA;;26;24180;393
167427;LupInf;2;10/06/2016;J18;24;30;193;26100;106.7;NA;NA;NA;NA;C;NA;NA;;26;24180;393
167427;LupInf;2;13/06/2016;J21;22;3540;196;25040;-353.3;NA;NA;NA;NA;C;NA;NA;;26;24180;393
167427;LupInf;2;16/06/2016;J24;22;26800;199;25430;130;NA;NA;NA;NA;C;NA;NA;;26;24180;393
167427;LupInf;2;22/06/2016;J30;20;32300;205;26180;125;6.7;589;1149;29/06/2016;C;JFin;18;1;26;24180;393
167431;LupNInf;1;22/03/2016;J-13;NA;NA;113;33900;NA;NA;NA;NA;NA;B;NA;NA;;NA;NA;NA
167431;LupNInf;1;04/04/2016;J0;41;0;126;36040;164.6;NA;79;1167;02/06/2016;B;J0;NA;;41;36040;79
167431;LupNInf;1;18/04/2016;J14;40;NA;140;NA;NA;NA;154;1167;02/06/2016;B;J14;NA;;41;36040;79
167431;LupNInf;1;22/04/2016;J18;41;0;144;38070;112.8;NA;NA;NA;NA;B;NA;NA;;41;36040;79
167431;LupNInf;1;25/04/2016;J21;38;0;147;39350;426.7;NA;NA;NA;NA;B;NA;NA;;41;36040;79
167431;LupNInf;1;28/04/2016;J24;41;0;150;38110;-413.3;NA;NA;NA;NA;B;NA;NA;;41;36040;79
167431;LupNInf;1;04/05/2016;J30;38;0;156;40150;340;137;273;1167;02/06/2016;B;JFin;NA;;41;36040;79
167431;LupNInf;2;23/05/2016;J0;37;0;175;39500;-34.2;NA;360;1149;29/06/2016;B;J0;NA;;37;39500;360
167431;LupNInf;2;06/06/2016;J14;40;NA;189;NA;NA;NA;435;1149;29/06/2016;B;J14;NA;;37;39500;360
167431;LupNInf;2;10/06/2016;J18;35;0;193;42760;181.1;NA;NA;NA;NA;B;NA;NA;;37;39500;360
167431;LupNInf;2;13/06/2016;J21;34;0;196;41600;-386.7;NA;NA;NA;NA;B;NA;NA;;37;39500;360
167431;LupNInf;2;16/06/2016;J24;35;0;199;42240;213.3;NA;NA;NA;NA;B;NA;NA;;37;39500;360
167431;LupNInf;2;22/06/2016;J30;38;0;205;41250;-165;58.3;322;1149;29/06/2016;B;JFin;NA;;37;39500;360
167433;LupNInf;1;22/03/2016;J-13;NA;NA;113;36580;NA;NA;NA;NA;NA;B;NA;NA;;NA;NA;NA
167433;LupNInf;1;04/04/2016;J0;41;0;126;40050;266.9;NA;123;1167;02/06/2016;C;J0;NA;;41;40050;123
167433;LupNInf;1;18/04/2016;J14;42;NA;140;NA;NA;NA;248;1167;02/06/2016;C;J14;NA;;41;40050;123
167433;LupNInf;1;22/04/2016;J18;40;0;144;41180;62.8;NA;NA;NA;NA;C;NA;NA;;41;40050;123
167433;LupNInf;1;25/04/2016;J21;40;0;147;41280;33.3;NA;NA;NA;NA;C;NA;NA;;41;40050;123
167433;LupNInf;1;28/04/2016;J24;41;0;150;41120;-53.3;NA;NA;NA;NA;C;NA;NA;;41;40050;123
167433;LupNInf;1;04/05/2016;J30;37;0;156;43920;466.7;129;165;1167;02/06/2016;C;JFin;NA;;41;40050;123
167433;LupNInf;2;23/05/2016;J0;39;0;175;44890;51.1;NA;314;1149;29/06/2016;C;J0;NA;;39;44890;314
167433;LupNInf;2;06/06/2016;J14;43;NA;189;NA;NA;NA;328;1149;29/06/2016;C;J14;NA;;39;44890;314
167433;LupNInf;2;10/06/2016;J18;37;0;193;45900;56.1;NA;NA;NA;NA;C;NA;NA;;39;44890;314
167433;LupNInf;2;13/06/2016;J21;37;0;196;47120;406.7;NA;NA;NA;NA;C;NA;NA;;39;44890;314
167433;LupNInf;2;16/06/2016;J24;39;0;199;50420;1100;NA;NA;NA;NA;C;NA;NA;;39;44890;314
167433;LupNInf;2;22/06/2016;J30;37;0;205;46900;-586.7;67;343;1149;29/06/2016;C;JFin;NA;;39;44890;314
167435;LupNInf;1;22/03/2016;J-13;NA;NA;112;40290;NA;NA;NA;NA;NA;C;NA;NA;;NA;NA;NA
167435;LupNInf;1;04/04/2016;J0;42;0;125;42660;182.3;NA;83;1167;02/06/2016;C;J0;NA;;42;42660;83
167435;LupNInf;1;18/04/2016;J14;43;NA;139;NA;NA;NA;-15;1167;02/06/2016;C;J14;NA;;42;42660;83
167435;LupNInf;1;22/04/2016;J18;44;0;143;43700;57.8;NA;NA;NA;NA;C;NA;NA;;42;42660;83
167435;LupNInf;1;25/04/2016;J21;39;0;146;43600;-33.3;NA;NA;NA;NA;C;NA;NA;;42;42660;83
167435;LupNInf;1;28/04/2016;J24;46;0;149;41900;-566.7;NA;NA;NA;NA;C;NA;NA;;42;42660;83
167435;LupNInf;1;04/05/2016;J30;40;0;155;45330;571.7;89;-2;1167;02/06/2016;C;JFin;NA;;42;42660;83
167435;LupNInf;2;23/05/2016;J0;42;0;174;45050;-14.7;NA;115;1149;29/06/2016;C;J0;NA;;42;45050;115
167435;LupNInf;2;06/06/2016;J14;43;NA;188;NA;NA;NA;145;1149;29/06/2016;C;J14;NA;;42;45050;115
167435;LupNInf;2;10/06/2016;J18;38;0;192;50470;301.1;NA;NA;NA;NA;C;NA;NA;;42;45050;115
167435;LupNInf;2;13/06/2016;J21;37;0;195;48290;-726.7;NA;NA;NA;NA;C;NA;NA;;42;45050;115
167435;LupNInf;2;16/06/2016;J24;36;0;198;48520;76.7;NA;NA;NA;NA;C;NA;NA;;42;45050;115
167435;LupNInf;2;22/06/2016;J30;37;0;204;48750;38.3;123.3;141;1149;29/06/2016;C;JFin;NA;;42;45050;115
167440;LupInf;1;22/03/2016;J-13;NA;NA;112;38230;NA;NA;NA;NA;NA;C;NA;NA;;NA;NA;NA
167440;LupInf;1;04/04/2016;J0;40;0;125;41530;253.8;NA;477;1167;02/06/2016;C;J0;NA;;40;41530;477
167440;LupInf;1;18/04/2016;J14;30;NA;139;NA;NA;NA;1631;1167;02/06/2016;C;J14;NA;;40;41530;477
167440;LupInf;1;22/04/2016;J18;19;15;143;41930;22.2;NA;NA;NA;NA;C;NA;NA;;40;41530;477
167440;LupInf;1;25/04/2016;J21;21;2950;146;39820;-703.3;NA;NA;NA;NA;C;NA;NA;;40;41530;477
167440;LupInf;1;28/04/2016;J24;16;8700;149;38030;-596.7;NA;NA;NA;NA;C;NA;NA;;40;41530;477
167440;LupInf;1;02/05/2016;J28;14;22600;153;37760;-67.5;-145.8;1178;1167;02/06/2016;C;JFin;18;1;40;41530;477
167440;LupInf;2;23/05/2016;J0;33;0;174;42720;236.2;NA;1063;1149;29/06/2016;C;J0;NA;;33;42720;1063
167440;LupInf;2;06/06/2016;J14;36;NA;188;NA;NA;NA;1191;1149;29/06/2016;C;J14;NA;;33;42720;1063
167440;LupInf;2;10/06/2016;J18;33;0;192;46030;183.9;NA;NA;NA;NA;C;NA;NA;;33;42720;1063
167440;LupInf;2;13/06/2016;J21;31;195;195;47310;426.7;NA;NA;NA;NA;C;NA;NA;;33;42720;1063
167440;LupInf;2;16/06/2016;J24;31;1035;198;48160;283.3;NA;NA;NA;NA;C;NA;NA;;33;42720;1063
167440;LupInf;2;22/06/2016;J30;29;4200;204;48090;-11.7;171.7;1114;1149;29/06/2016;C;JFin;21;1;33;42720;1063
167441;ConcNInf;1;22/03/2016;J-13;NA;NA;112;35800;NA;NA;NA;NA;NA;B;NA;NA;;NA;NA;NA
167441;ConcNInf;1;04/04/2016;J0;43;0;125;37560;135.4;NA;305;1167;02/06/2016;B;J0;NA;;43;37560;305
167441;ConcNInf;1;18/04/2016;J14;39;NA;139;NA;NA;NA;427;1167;02/06/2016;B;J14;NA;;43;37560;305
167441;ConcNInf;1;22/04/2016;J18;41;0;143;42210;258.3;NA;NA;NA;NA;B;NA;NA;;43;37560;305
167441;ConcNInf;1;25/04/2016;J21;42;0;146;43260;350;NA;NA;NA;NA;B;NA;NA;;43;37560;305
167441;ConcNInf;1;28/04/2016;J24;45;0;149;41750;-503.3;NA;NA;NA;NA;B;NA;NA;;43;37560;305
167441;ConcNInf;1;04/05/2016;J30;37;0;155;45650;650;269.7;209;1167;02/06/2016;B;JFin;NA;;43;37560;305
167441;ConcNInf;2;23/05/2016;J0;40;0;174;47580;101.6;NA;382;1149;29/06/2016;B;J0;NA;;40;47580;382
167441;ConcNInf;2;06/06/2016;J14;40;NA;188;NA;NA;NA;656;1149;29/06/2016;B;J14;NA;;40;47580;382
167441;ConcNInf;2;10/06/2016;J18;40;0;192;52130;252.8;NA;NA;NA;NA;B;NA;NA;;40;47580;382
167441;ConcNInf;2;13/06/2016;J21;37;0;195;49140;-996.7;NA;NA;NA;NA;B;NA;NA;;40;47580;382
167441;ConcNInf;2;16/06/2016;J24;39;0;198;49210;23.3;NA;NA;NA;NA;B;NA;NA;;40;47580;382
167441;ConcNInf;2;22/06/2016;J30;35;0;204;49300;15;57.3;342;1149;29/06/2016;B;JFin;NA;;40;47580;382
167444;ConcInf;1;22/03/2016;J-13;NA;NA;112;33410;NA;NA;NA;NA;NA;C;NA;NA;;NA;NA;NA
167444;ConcInf;1;04/04/2016;J0;38;0;125;34580;90;NA;45;1167;02/06/2016;C;J0;NA;;38;34580;45
167444;ConcInf;1;18/04/2016;J14;35;NA;139;NA;NA;NA;173;1167;02/06/2016;C;J14;NA;;38;34580;45
167444;ConcInf;1;22/04/2016;J18;22;360;143;39730;286.1;NA;NA;NA;NA;C;NA;NA;;38;34580;45
167444;ConcInf;1;25/04/2016;J21;19;16850;146;38890;-280;NA;NA;NA;NA;C;NA;NA;;38;34580;45
167444;ConcInf;1;28/04/2016;J24;21;20500;149;37550;-446.7;NA;NA;NA;NA;C;NA;NA;;38;34580;45
167444;ConcInf;1;04/05/2016;J30;21;7950;155;38380;138.3;123.8;109;1167;02/06/2016;C;JFin;18;1;38;34580;45
167444;ConcInf;2;23/05/2016;J0;36;0;174;43310;259.5;NA;125;1149;29/06/2016;C;J0;NA;;36;43310;125
167444;ConcInf;2;06/06/2016;J14;41;NA;188;NA;NA;NA;447;1149;29/06/2016;C;J14;NA;;36;43310;125
167444;ConcInf;2;10/06/2016;J18;36;0;192;46130;156.7;NA;NA;NA;NA;C;NA;NA;;36;43310;125
167444;ConcInf;2;13/06/2016;J21;35;0;195;47000;290;NA;NA;NA;NA;C;NA;NA;;36;43310;125
167444;ConcInf;2;16/06/2016;J24;35;555;198;47880;293.3;NA;NA;NA;NA;C;NA;NA;;36;43310;125
167444;ConcInf;2;22/06/2016;J30;35;6750;204;47590;-48.3;121.7;221;1149;29/06/2016;C;JFin;24;1;36;43310;125
167449;ConcInf;1;22/03/2016;J-13;NA;NA;112;37060;NA;NA;NA;NA;NA;C;NA;NA;;NA;NA;NA
167449;ConcInf;1;04/04/2016;J0;39;0;125;38600;118.5;NA;79;1167;02/06/2016;C;J0;NA;;39;38600;79
167449;ConcInf;1;18/04/2016;J14;34;NA;139;NA;NA;NA;802;1167;02/06/2016;C;J14;NA;;39;38600;79
167449;ConcInf;1;22/04/2016;J18;31;0;143;NA;NA;NA;NA;NA;NA;C;NA;NA;;39;38600;79
167449;ConcInf;1;25/04/2016;J21;21;3500;146;40140;73.3;NA;NA;NA;NA;C;NA;NA;;39;38600;79
167449;ConcInf;1;28/04/2016;J24;20;11000;149;40080;NA;NA;NA;NA;NA;C;NA;NA;;39;38600;79
167449;ConcInf;1;04/05/2016;J30;15;3900;155;40760;113.3;61.7;610;1167;02/06/2016;C;JFin;21;;39;38600;79
167449;ConcInf;2;23/05/2016;J0;36;0;174;45100;177.1;NA;367;1149;29/06/2016;C;J0;NA;;36;45100;367
167449;ConcInf;2;06/06/2016;J14;42;NA;188;NA;NA;NA;2438;1149;29/06/2016;C;J14;NA;;36;45100;367
167449;ConcInf;2;10/06/2016;J18;37;0;192;47560;136.7;NA;NA;NA;NA;C;NA;NA;;36;45100;367
167449;ConcInf;2;13/06/2016;J21;34;0;195;44870;-896.7;NA;NA;NA;NA;C;NA;NA;;36;45100;367
167449;ConcInf;2;16/06/2016;J24;38;0;198;46780;636.7;NA;NA;NA;NA;C;NA;NA;;36;45100;367
167449;ConcInf;2;22/06/2016;J30;38;0;204;46740;-6.7;-68.3;900;1149;29/06/2016;C;JFin;30;0;36;45100;367
167450;ConcNInf;1;22/03/2016;J-13;NA;NA;112;36210;NA;NA;NA;NA;NA;C;NA;NA;;NA;NA;NA
167450;ConcNInf;1;04/04/2016;J0;36;0;125;38870;204.6;NA;233;1167;02/06/2016;C;J0;NA;;36;38870;233
167450;ConcNInf;1;18/04/2016;J14;39;NA;139;NA;NA;NA;348;1167;02/06/2016;C;J14;NA;;36;38870;233
167450;ConcNInf;1;22/04/2016;J18;36;0;143;43360;249.4;NA;NA;NA;NA;C;NA;NA;;36;38870;233
167450;ConcNInf;1;25/04/2016;J21;36;0;146;44020;220;NA;NA;NA;NA;C;NA;NA;;36;38870;233
167450;ConcNInf;1;28/04/2016;J24;41;0;149;41730;-763.3;NA;NA;NA;NA;C;NA;NA;;36;38870;233
167450;ConcNInf;1;04/05/2016;J30;31;0;155;45440;618.3;219;250;1167;02/06/2016;C;JFin;NA;;36;38870;233
167450;ConcNInf;2;23/05/2016;J0;38;0;174;48590;165.8;NA;406;1149;29/06/2016;C;J0;NA;;38;48590;406
167450;ConcNInf;2;06/06/2016;J14;34;NA;188;NA;NA;NA;424;1149;29/06/2016;C;J14;NA;;38;48590;406
167450;ConcNInf;2;10/06/2016;J18;33;0;192;48630;2.2;NA;NA;NA;NA;C;NA;NA;;38;48590;406
167450;ConcNInf;2;13/06/2016;J21;35;0;195;48930;100;NA;NA;NA;NA;C;NA;NA;;38;48590;406
167450;ConcNInf;2;16/06/2016;J24;33;0;198;51860;976.7;NA;NA;NA;NA;C;NA;NA;;38;48590;406
167450;ConcNInf;2;22/06/2016;J30;38;0;204;50190;-278.3;53.3;402;1149;29/06/2016;C;JFin;NA;;38;48590;406
167457;LupNInf;1;22/03/2016;J-13;NA;NA;111;35130;NA;NA;NA;NA;NA;E;NA;NA;;NA;NA;NA
167457;LupNInf;1;04/04/2016;J0;41;0;124;37170;156.9;NA;405;1175;09/06/2016;E;J0;NA;;41;37170;405
167457;LupNInf;1;18/04/2016;J14;43;NA;138;NA;NA;NA;437;1175;09/06/2016;E;J14;NA;;41;37170;405
167457;LupNInf;1;22/04/2016;J18;36;0;142;41360;232.8;NA;NA;NA;NA;E;NA;NA;;41;37170;405
167457;LupNInf;1;25/04/2016;J21;42;0;145;41800;146.7;NA;NA;NA;NA;E;NA;NA;;41;37170;405
167457;LupNInf;1;28/04/2016;J24;43;0;148;40000;-600;NA;NA;NA;NA;E;NA;NA;;41;37170;405
167457;LupNInf;1;04/05/2016;J30;38;0;154;42150;358.3;166;839;1175;09/06/2016;E;JFin;NA;;41;37170;405
167457;LupNInf;2;23/05/2016;J0;37;0;173;44870;143.2;NA;938;1392;01/07/2016;E;J0;NA;;37;44870;938
167457;LupNInf;2;06/06/2016;J14;41;NA;187;NA;NA;NA;613;1392;01/07/2016;E;J14;NA;;37;44870;938
167457;LupNInf;2;10/06/2016;J18;37;0;191;48110;180;NA;NA;NA;NA;E;NA;NA;;37;44870;938
167457;LupNInf;2;13/06/2016;J21;37;0;194;45740;-790;NA;NA;NA;NA;E;NA;NA;;37;44870;938
167457;LupNInf;2;16/06/2016;J24;38;0;197;45790;16.7;NA;NA;NA;NA;E;NA;NA;;37;44870;938
167457;LupNInf;2;22/06/2016;J30;36;0;203;45540;-41.7;22.3;824;1392;01/07/2016;E;JFin;NA;;37;44870;938
167458;LupInf;1;22/03/2016;J-13;NA;NA;111;34450;NA;NA;NA;NA;NA;C;NA;NA;;NA;NA;NA
167458;LupInf;1;04/04/2016;J0;43;0;124;35580;86.9;NA;383;1167;02/06/2016;C;J0;NA;;43;35580;383
167458;LupInf;1;18/04/2016;J14;32;NA;138;NA;NA;NA;1325;1167;02/06/2016;C;J14;NA;;43;35580;383
167458;LupInf;1;22/04/2016;J18;22;90;142;35220;-20;NA;NA;NA;NA;D;NA;NA;;43;35580;383
167458;LupInf;1;25/04/2016;J21;16;5350;145;34410;-270;NA;NA;NA;NA;D;NA;NA;;43;35580;383
167458;LupInf;1;28/04/2016;J24;13;13500;148;32900;-503.3;NA;NA;NA;NA;D;NA;NA;;43;35580;383
167458;LupInf;1;04/05/2016;J30;;;154;32830;-11.7;-111.7;712;1167;02/06/2016;D;JFin;18;1;43;35580;383
167458;LupInf;2;23/05/2016;J0;36;0;173;37410;241.1;NA;643;1149;29/06/2016;C;J0;NA;;36;37410;643
167458;LupInf;2;06/06/2016;J14;33;NA;187;NA;NA;NA;1100;1149;29/06/2016;C;J14;NA;;36;37410;643
167458;LupInf;2;10/06/2016;J18;32;0;191;38560;63.9;NA;NA;NA;NA;D;NA;NA;;36;37410;643
167458;LupInf;2;13/06/2016;J21;28;0;194;39770;403.3;NA;NA;NA;NA;D;NA;NA;;36;37410;643
167458;LupInf;2;16/06/2016;J24;27;75;197;39670;-33.3;NA;NA;NA;NA;D;NA;NA;;36;37410;643
167458;LupInf;2;22/06/2016;J30;26;5900;203;39100;-95;45;861;1149;29/06/2016;D;JFin;24;1;36;37410;643
167459;LupNInf;1;22/03/2016;J-13;NA;NA;111;32510;NA;NA;NA;NA;NA;E;NA;NA;;NA;NA;NA
167459;LupNInf;1;04/04/2016;J0;39;0;124;34320;139.2;NA;353;1175;09/06/2016;E;J0;NA;;39;34320;353
167459;LupNInf;1;18/04/2016;J14;29;NA;138;NA;NA;NA;542;1175;09/06/2016;E;J14;NA;;39;34320;353
167459;LupNInf;1;22/04/2016;J18;36;0;142;33810;-28.3;NA;NA;NA;NA;E;NA;NA;;39;34320;353
167459;LupNInf;1;25/04/2016;J21;35;0;145;34470;220;NA;NA;NA;NA;E;NA;NA;;39;34320;353
167459;LupNInf;1;28/04/2016;J24;36;0;148;32170;-766.7;NA;NA;NA;NA;E;NA;NA;;39;34320;353
167459;LupNInf;1;04/05/2016;J30;30;0;154;35200;505;29.3;714;1175;09/06/2016;E;JFin;NA;;39;34320;353
167459;LupNInf;2;23/05/2016;J0;34;0;173;32480;-143.2;NA;986;1392;01/07/2016;E;J0;NA;;34;32480;986
167459;LupNInf;2;06/06/2016;J14;34;NA;187;NA;NA;NA;1270;1392;01/07/2016;E;J14;NA;;34;32480;986
167459;LupNInf;2;10/06/2016;J18;37;0;191;39280;377.8;NA;NA;NA;NA;E;NA;NA;;34;32480;986
167459;LupNInf;2;13/06/2016;J21;33;0;194;35950;-1110;NA;NA;NA;NA;E;NA;NA;;34;32480;986
167459;LupNInf;2;16/06/2016;J24;33;0;197;36880;310;NA;NA;NA;NA;E;NA;NA;;34;32480;986
167459;LupNInf;2;22/06/2016;J30;31;0;203;36210;-111.7;124.3;1083;1392;01/07/2016;E;JFin;NA;;34;32480;986
167463;ConcInf;1;22/03/2016;J-13;NA;NA;111;32660;NA;NA;NA;NA;NA;C;NA;NA;;NA;NA;NA
167463;ConcInf;1;04/04/2016;J0;40;0;124;34620;150.8;NA;88;1167;02/06/2016;C;J0;NA;;40;34620;88
167463;ConcInf;1;18/04/2016;J14;30;NA;138;NA;NA;NA;1231;1167;02/06/2016;C;J14;NA;;40;34620;88
167463;ConcInf;1;22/04/2016;J18;25;0;142;36730;117.2;NA;NA;NA;NA;C;NA;NA;;40;34620;88
167463;ConcInf;1;25/04/2016;J21;23;4900;145;37620;296.7;NA;NA;NA;NA;C;NA;NA;;40;34620;88
167463;ConcInf;1;28/04/2016;J24;23;26550;148;36300;-440;NA;NA;NA;NA;C;NA;NA;;40;34620;88
167463;ConcInf;1;04/05/2016;J30;11;16400;154;36520;36.7;70;458;1167;02/06/2016;C;JFin;21;1;40;34620;88
167463;ConcInf;2;23/05/2016;J0;35;0;173;40330;200.5;NA;249;1149;29/06/2016;C;J0;NA;;35;40330;249
167463;ConcInf;2;06/06/2016;J14;41;NA;187;NA;NA;NA;1293;1149;29/06/2016;C;J14;NA;;35;40330;249
167463;ConcInf;2;10/06/2016;J18;37;0;191;41280;52.8;NA;NA;NA;NA;C;NA;NA;;35;40330;249
167463;ConcInf;2;13/06/2016;J21;35;0;194;42930;550;NA;NA;NA;NA;C;NA;NA;;35;40330;249
167463;ConcInf;2;16/06/2016;J24;38;0;197;43750;273.3;NA;NA;NA;NA;C;NA;NA;;35;40330;249
167463;ConcInf;2;22/06/2016;J30;38;0;203;42410;-223.3;94.2;999;1149;29/06/2016;C;JFin;30;0;35;40330;249
167468;LupInf;1;22/03/2016;J-13;NA;NA;110;29730;NA;NA;NA;NA;NA;E;NA;NA;;NA;NA;NA
167468;LupInf;1;04/04/2016;J0;36;0;123;33640;300.8;NA;427;1175;09/06/2016;E;J0;NA;;36;33640;427
167468;LupInf;1;18/04/2016;J14;34;NA;137;NA;NA;NA;1375;1175;09/06/2016;E;J14;NA;;36;33640;427
167468;LupInf;1;22/04/2016;J18;22;0;141;35280;91.1;NA;NA;NA;NA;E;NA;NA;;36;33640;427
167468;LupInf;1;25/04/2016;J21;21;225;144;34830;-150;NA;NA;NA;NA;E;NA;NA;;36;33640;427
167468;LupInf;1;28/04/2016;J24;15;1450;147;34020;-270;NA;NA;NA;NA;E;NA;NA;;36;33640;427
167468;LupInf;1;02/05/2016;J28;13;7400;151;33840;-45;15.8;686;1175;09/06/2016;E;JFin;21;1;36;33640;427
167468;LupInf;2;23/05/2016;J0;30;0;172;36870;144.3;NA;294;1392;01/07/2016;E;J0;NA;;30;36870;294
167468;LupInf;2;06/06/2016;J14;32;NA;186;NA;NA;NA;660;1392;01/07/2016;E;J14;NA;;30;36870;294
167468;LupInf;2;10/06/2016;J18;29;0;190;40920;225;NA;NA;NA;NA;E;NA;NA;;30;36870;294
167468;LupInf;2;13/06/2016;J21;29;0;193;38670;-750;NA;NA;NA;NA;E;NA;NA;;30;36870;294
167468;LupInf;2;16/06/2016;J24;29;105;196;38930;86.7;NA;NA;NA;NA;E;NA;NA;;30;36870;294
167468;LupInf;2;22/06/2016;J30;25;5300;202;37880;-175;-253.3;621;1392;01/07/2016;E;JFin;24;1;30;36870;294
167471;ConcNInf;1;22/03/2016;J-13;NA;NA;110;33640;NA;NA;NA;NA;NA;C;NA;NA;;NA;NA;NA
167471;ConcNInf;1;04/04/2016;J0;42;0;123;34640;76.9;NA;60;1167;02/06/2016;C;J0;NA;;42;34640;60
167471;ConcNInf;1;18/04/2016;J14;41;NA;137;NA;NA;NA;130;1167;02/06/2016;C;J14;NA;;42;34640;60
167471;ConcNInf;1;22/04/2016;J18;37;0;141;37980;185.6;NA;NA;NA;NA;C;NA;NA;;42;34640;60
167471;ConcNInf;1;25/04/2016;J21;40;0;144;38140;53.3;NA;NA;NA;NA;C;NA;NA;;42;34640;60
167471;ConcNInf;1;28/04/2016;J24;37;0;147;36670;-490;NA;NA;NA;NA;C;NA;NA;;42;34640;60
167471;ConcNInf;1;04/05/2016;J30;34;0;153;38080;235;114.7;59;1167;02/06/2016;C;JFin;NA;;42;34640;60
167471;ConcNInf;2;23/05/2016;J0;36;0;172;40430;123.7;NA;192;1149;29/06/2016;C;J0;NA;;36;40430;192
167471;ConcNInf;2;06/06/2016;J14;41;NA;186;NA;NA;NA;181;1149;29/06/2016;C;J14;NA;;36;40430;192
167471;ConcNInf;2;10/06/2016;J18;35;0;190;40720;16.1;NA;NA;NA;NA;C;NA;NA;;36;40430;192
167471;ConcNInf;2;13/06/2016;J21;32;0;193;40940;73.3;NA;NA;NA;NA;C;NA;NA;;36;40430;192
167471;ConcNInf;2;16/06/2016;J24;34;0;196;44200;1086.7;NA;NA;NA;NA;C;NA;NA;;36;40430;192
167471;ConcNInf;2;22/06/2016;J30;38;0;202;41070;-521.7;21.3;228;1149;29/06/2016;C;JFin;NA;;36;40430;192
167473;LupNInf;1;22/03/2016;J-13;NA;NA;110;35920;NA;NA;NA;NA;NA;F;NA;NA;;NA;NA;NA
167473;LupNInf;1;04/04/2016;J0;39;0;123;35810;-8.5;NA;330;1175;09/06/2016;F;J0;NA;;39;35810;330
167473;LupNInf;1;18/04/2016;J14;40;NA;137;NA;NA;NA;456;1175;09/06/2016;F;J14;NA;;39;35810;330
167473;LupNInf;1;22/04/2016;J18;37;0;141;38100;127.2;NA;NA;NA;NA;F;NA;NA;;39;35810;330
167473;LupNInf;1;25/04/2016;J21;38;0;144;38820;240;NA;NA;NA;NA;F;NA;NA;;39;35810;330
167473;LupNInf;1;28/04/2016;J24;42;0;147;36970;-616.7;NA;NA;NA;NA;F;NA;NA;;39;35810;330
167473;LupNInf;1;04/05/2016;J30;35;0;153;40010;506.7;140;336;1175;09/06/2016;F;JFin;NA;;39;35810;330
167473;LupNInf;2;23/05/2016;J0;35;0;172;41610;84.2;NA;323;1392;01/07/2016;F;J0;NA;;35;41610;323
167473;LupNInf;2;06/06/2016;J14;34;NA;186;NA;NA;NA;302;1392;01/07/2016;F;J14;NA;;35;41610;323
167473;LupNInf;2;10/06/2016;J18;34;0;190;43660;113.9;NA;NA;NA;NA;F;NA;NA;;35;41610;323
167473;LupNInf;2;13/06/2016;J21;34;0;193;43010;-216.7;NA;NA;NA;NA;F;NA;NA;;35;41610;323
167473;LupNInf;2;16/06/2016;J24;33;0;196;42070;-313.3;NA;NA;NA;NA;F;NA;NA;;35;41610;323
167473;LupNInf;2;22/06/2016;J30;33;0;202;42640;95;34.3;464;1392;01/07/2016;F;JFin;NA;;35;41610;323
167476;ConcInf;1;22/03/2016;J-13;NA;NA;110;40680;NA;NA;NA;NA;NA;E;NA;NA;;NA;NA;NA
167476;ConcInf;1;04/04/2016;J0;39;0;123;43620;226.2;NA;348;1175;09/06/2016;E;J0;NA;;39;43620;348
167476;ConcInf;1;18/04/2016;J14;34;NA;137;NA;NA;NA;1542;1175;09/06/2016;E;J14;NA;;39;43620;348
167476;ConcInf;1;22/04/2016;J18;29;0;141;48040;245.6;NA;NA;NA;NA;E;NA;NA;;39;43620;348
167476;ConcInf;1;25/04/2016;J21;27;315;144;48460;140;NA;NA;NA;NA;E;NA;NA;;39;43620;348
167476;ConcInf;1;28/04/2016;J24;25;4200;147;46750;-570;NA;NA;NA;NA;E;NA;NA;;39;43620;348
167476;ConcInf;1;04/05/2016;J30;26;900;153;48600;308.3;130.4;1017;1175;09/06/2016;E;JFin;21;1;39;43620;348
167476;ConcInf;2;23/05/2016;J0;40;0;172;53850;276.3;NA;402;1392;01/07/2016;E;J0;NA;;40;53850;402
167476;ConcInf;2;06/06/2016;J14;41;NA;186;NA;NA;NA;685;1392;01/07/2016;E;J14;NA;;40;53850;402
167476;ConcInf;2;10/06/2016;J18;37;0;190;54730;48.9;NA;NA;NA;NA;E;NA;NA;;40;53850;402
167476;ConcInf;2;13/06/2016;J21;36;0;193;56430;566.7;NA;NA;NA;NA;E;NA;NA;;40;53850;402
167476;ConcInf;2;16/06/2016;J24;37;0;196;57530;366.7;NA;NA;NA;NA;E;NA;NA;;40;53850;402
167476;ConcInf;2;22/06/2016;J30;37;0;202;56690;-140;163.3;673;1392;01/07/2016;E;JFin;30;0;40;53850;402
167479;LupNInf;1;22/03/2016;J-13;NA;NA;110;33650;NA;NA;NA;NA;NA;F;NA;NA;;NA;NA;NA
167479;LupNInf;1;04/04/2016;J0;42;0;123;35820;166.9;NA;430;1175;09/06/2016;F;J0;NA;;42;35820;430
167479;LupNInf;1;18/04/2016;J14;47;NA;137;NA;NA;NA;455;1175;09/06/2016;F;J14;NA;;42;35820;430
167479;LupNInf;1;22/04/2016;J18;43;0;141;38840;167.8;NA;NA;NA;NA;F;NA;NA;;42;35820;430
167479;LupNInf;1;25/04/2016;J21;46;0;144;38780;-20;NA;NA;NA;NA;F;NA;NA;;42;35820;430
167479;LupNInf;1;28/04/2016;J24;43;0;147;38400;-126.7;NA;NA;NA;NA;F;NA;NA;;42;35820;430
167479;LupNInf;1;04/05/2016;J30;42;0;153;40090;281.7;142.3;403;1175;09/06/2016;F;JFin;NA;;42;35820;430
167479;LupNInf;2;23/05/2016;J0;41;0;172;39220;-45.8;NA;681;1392;01/07/2016;F;J0;NA;;41;39220;681
167479;LupNInf;2;06/06/2016;J14;40;NA;186;NA;NA;NA;729;1392;01/07/2016;F;J14;NA;;41;39220;681
167479;LupNInf;2;10/06/2016;J18;37;0;190;44140;273.3;NA;NA;NA;NA;F;NA;NA;;41;39220;681
167479;LupNInf;2;13/06/2016;J21;37;0;193;40920;-1073.3;NA;NA;NA;NA;F;NA;NA;;41;39220;681
167479;LupNInf;2;16/06/2016;J24;36;0;196;41840;306.7;NA;NA;NA;NA;F;NA;NA;;41;39220;681
167479;LupNInf;2;22/06/2016;J30;36;0;202;42260;70;101.3;544;1392;01/07/2016;F;JFin;NA;;41;39220;681
167480;ConcInf;1;22/03/2016;J-13;NA;NA;110;31800;NA;NA;NA;NA;NA;E;NA;NA;;NA;NA;NA
167480;ConcInf;1;04/04/2016;J0;43;0;123;33420;124.6;NA;257;1175;09/06/2016;E;J0;NA;;43;33420;257
167480;ConcInf;1;18/04/2016;J14;32;NA;137;NA;NA;NA;838;1175;09/06/2016;E;J14;NA;;43;33420;257
167480;ConcInf;1;22/04/2016;J18;18;0;141;36600;176.7;NA;NA;NA;NA;E;NA;NA;;43;33420;257
167480;ConcInf;1;25/04/2016;J21;19;10000;144;36460;-46.7;NA;NA;NA;NA;E;NA;NA;;43;33420;257
167480;ConcInf;1;28/04/2016;J24;16;23350;147;34180;-760;NA;NA;NA;NA;E;NA;NA;;43;33420;257
167480;ConcInf;1;02/05/2016;J28;13;47650;151;32340;-460;31.7;561;1175;09/06/2016;E;JFin;21;1;43;33420;257
167480;ConcInf;2;23/05/2016;J0;38;0;172;39260;329.5;NA;474;1392;01/07/2016;E;J0;NA;;38;39260;474
167480;ConcInf;2;06/06/2016;J14;39;NA;186;NA;NA;NA;501;1392;01/07/2016;E;J14;NA;;38;39260;474
167480;ConcInf;2;10/06/2016;J18;31;0;190;39830;31.7;NA;NA;NA;NA;E;NA;NA;;38;39260;474
167480;ConcInf;2;13/06/2016;J21;28;2625;193;40660;276.7;NA;NA;NA;NA;E;NA;NA;;38;39260;474
167480;ConcInf;2;16/06/2016;J24;27;8400;196;41620;320;NA;NA;NA;NA;E;NA;NA;;38;39260;474
167480;ConcInf;2;22/06/2016;J30;26;12600;202;41260;-60;119.2;340;1392;01/07/2016;E;JFin;21;1;38;39260;474
167482;ConcNInf;1;22/03/2016;J-13;NA;NA;110;34490;NA;NA;NA;NA;NA;D;NA;NA;;NA;NA;NA
167482;ConcNInf;1;04/04/2016;J0;40;0;123;36930;187.7;NA;10;1167;02/06/2016;D;J0;NA;;40;36930;10
167482;ConcNInf;1;18/04/2016;J14;38;NA;137;NA;NA;NA;91;1167;02/06/2016;D;J14;NA;;40;36930;10
167482;ConcNInf;1;22/04/2016;J18;40;0;141;40730;211.1;NA;NA;NA;NA;D;NA;NA;;40;36930;10
167482;ConcNInf;1;25/04/2016;J21;40;0;144;42660;643.3;NA;NA;NA;NA;D;NA;NA;;40;36930;10
167482;ConcNInf;1;28/04/2016;J24;39;0;147;40780;-626.7;NA;NA;NA;NA;D;NA;NA;;40;36930;10
167482;ConcNInf;1;04/05/2016;J30;36;0;153;44500;620;252.3;84;1167;02/06/2016;D;JFin;NA;;40;36930;10
167482;ConcNInf;2;23/05/2016;J0;41;0;172;46120;85.3;NA;109;1149;29/06/2016;D;J0;NA;;41;46120;109
167482;ConcNInf;2;06/06/2016;J14;35;NA;186;NA;NA;NA;143;1149;29/06/2016;D;J14;NA;;41;46120;109
167482;ConcNInf;2;10/06/2016;J18;35;0;190;49600;193.3;NA;NA;NA;NA;D;NA;NA;;41;46120;109
167482;ConcNInf;2;13/06/2016;J21;36;0;193;46660;-980;NA;NA;NA;NA;D;NA;NA;;41;46120;109
167482;ConcNInf;2;16/06/2016;J24;37;0;196;46280;-126.7;NA;NA;NA;NA;D;NA;NA;;41;46120;109
167482;ConcNInf;2;22/06/2016;J30;37;0;202;47390;185;42.3;90;1149;29/06/2016;D;JFin;NA;;41;46120;109
167483;LupInf;1;22/03/2016;J-13;NA;NA;110;36540;NA;NA;NA;NA;NA;E;NA;NA;;NA;NA;NA
167483;LupInf;1;04/04/2016;J0;34;0;123;40910;336.2;NA;310;1175;09/06/2016;E;J0;NA;;34;40910;310
167483;LupInf;1;18/04/2016;J14;30;NA;137;NA;NA;NA;1252;1175;09/06/2016;E;J14;NA;;34;40910;310
167483;LupInf;1;22/04/2016;J18;19;240;141;43950;168.9;NA;NA;NA;NA;F;NA;NA;;34;40910;310
167483;LupInf;1;25/04/2016;J21;16;7100;144;42480;-490;NA;NA;NA;NA;F;NA;NA;;34;40910;310
167483;LupInf;1;28/04/2016;J24;19;21850;147;42100;-126.7;NA;NA;NA;NA;F;NA;NA;;34;40910;310
167483;LupInf;1;04/05/2016;J30;16;20950;153;40600;-250;49.6;552;1175;09/06/2016;F;JFin;18;1;34;40910;310
167483;LupInf;2;23/05/2016;J0;33;0;172;45500;257.9;NA;241;1392;01/07/2016;E;J0;NA;;33;45500;241
167483;LupInf;2;06/06/2016;J14;32;NA;186;NA;NA;NA;800;1392;01/07/2016;E;J14;NA;;33;45500;241
167483;LupInf;2;10/06/2016;J18;30;0;190;47510;111.7;NA;NA;NA;NA;F;NA;NA;;33;45500;241
167483;LupInf;2;13/06/2016;J21;27;0;193;48020;170;NA;NA;NA;NA;F;NA;NA;;33;45500;241
167483;LupInf;2;16/06/2016;J24;28;1110;196;49120;366.7;NA;NA;NA;NA;F;NA;NA;;33;45500;241
167483;LupInf;2;22/06/2016;J30;25;3900;202;47650;-245;11.7;501;1392;01/07/2016;F;JFin;24;1;33;45500;241
167484;ConcNInf;1;22/03/2016;J-13;NA;NA;110;30520;NA;NA;NA;NA;NA;E;NA;NA;;NA;NA;NA
167484;ConcNInf;1;04/04/2016;J0;36;0;123;33400;221.5;NA;278;1175;09/06/2016;E;J0;NA;;36;33400;278
167484;ConcNInf;1;18/04/2016;J14;37;NA;137;NA;NA;NA;281;1175;09/06/2016;E;J14;NA;;36;33400;278
167484;ConcNInf;1;22/04/2016;J18;38;0;141;37270;215;NA;NA;NA;NA;E;NA;NA;;36;33400;278
167484;ConcNInf;1;25/04/2016;J21;40;0;144;38440;390;NA;NA;NA;NA;E;NA;NA;;36;33400;278
167484;ConcNInf;1;28/04/2016;J24;40;0;147;36750;-563.3;NA;NA;NA;NA;E;NA;NA;;36;33400;278
167484;ConcNInf;1;04/05/2016;J30;36;0;153;39510;460;203.7;458;1175;09/06/2016;E;JFin;NA;;36;33400;278
167484;ConcNInf;2;23/05/2016;J0;37;0;172;41510;105.3;NA;249;1392;01/07/2016;E;J0;NA;;37;41510;249
167484;ConcNInf;2;06/06/2016;J14;35;NA;186;NA;NA;NA;425;1392;01/07/2016;E;J14;NA;;37;41510;249
167484;ConcNInf;2;10/06/2016;J18;37;0;190;46850;296.7;NA;NA;NA;NA;E;NA;NA;;37;41510;249
167484;ConcNInf;2;13/06/2016;J21;36;0;193;43580;-1090;NA;NA;NA;NA;E;NA;NA;;37;41510;249
167484;ConcNInf;2;16/06/2016;J24;39;0;196;44040;153.3;NA;NA;NA;NA;E;NA;NA;;37;41510;249
167484;ConcNInf;2;22/06/2016;J30;39;0;202;43630;-68.3;70.7;389;1392;01/07/2016;E;JFin;NA;;37;41510;249
167486;ConcInf;1;22/03/2016;J-13;NA;NA;110;32900;NA;NA;NA;NA;NA;F;NA;NA;;NA;NA;NA
167486;ConcInf;1;04/04/2016;J0;39;0;123;35230;179.2;NA;354;1175;09/06/2016;F;J0;NA;;39;35230;354
167486;ConcInf;1;18/04/2016;J14;32;NA;137;NA;NA;NA;1168;1175;09/06/2016;F;J14;NA;;39;35230;354
167486;ConcInf;1;22/04/2016;J18;22;3180;141;38300;170.6;NA;NA;NA;NA;F;NA;NA;;39;35230;354
167486;ConcInf;1;25/04/2016;J21;18;24400;144;36660;-546.7;NA;NA;NA;NA;F;NA;NA;;39;35230;354
167486;ConcInf;1;28/04/2016;J24;17;45950;147;34340;-773.3;NA;NA;NA;NA;F;NA;NA;;39;35230;354
167486;ConcInf;1;02/05/2016;J28;13;54800;151;33740;-150;-37.1;908;1175;09/06/2016;F;JFin;18;1;39;35230;354
167486;ConcInf;2;23/05/2016;J0;35;0;172;40450;319.5;NA;347;1392;01/07/2016;F;J0;NA;;35;40450;347
167486;ConcInf;2;06/06/2016;J14;36;NA;186;NA;NA;NA;1070;1392;01/07/2016;F;J14;NA;;35;40450;347
167486;ConcInf;2;10/06/2016;J18;32;0;190;41130;37.8;NA;NA;NA;NA;F;NA;NA;;35;40450;347
167486;ConcInf;2;13/06/2016;J21;31;510;193;42360;410;NA;NA;NA;NA;F;NA;NA;;35;40450;347
167486;ConcInf;2;16/06/2016;J24;30;3405;196;43550;396.7;NA;NA;NA;NA;F;NA;NA;;35;40450;347
167486;ConcInf;2;22/06/2016;J30;29;9150;202;42950;-100;151.7;443;1392;01/07/2016;F;JFin;21;1;35;40450;347
167487;LupNInf;1;22/03/2016;J-13;NA;NA;110;36580;NA;NA;NA;NA;NA;G;NA;NA;;NA;NA;NA
167487;LupNInf;1;04/04/2016;J0;38;0;123;38290;131.5;NA;297;1175;09/06/2016;G;J0;NA;;38;38290;297
167487;LupNInf;1;18/04/2016;J14;44;NA;137;NA;NA;NA;633;1175;09/06/2016;G;J14;NA;;38;38290;297
167487;LupNInf;1;22/04/2016;J18;40;0;141;41530;180;NA;NA;NA;NA;G;NA;NA;;38;38290;297
167487;LupNInf;1;25/04/2016;J21;42;0;144;42100;190;NA;NA;NA;NA;G;NA;NA;;38;38290;297
167487;LupNInf;1;28/04/2016;J24;43;0;147;40790;-436.7;NA;NA;NA;NA;G;NA;NA;;38;38290;297
167487;LupNInf;1;04/05/2016;J30;39;0;153;41380;98.3;103;655;1175;09/06/2016;G;JFin;NA;;38;38290;297
167487;LupNInf;2;23/05/2016;J0;39;0;172;43900;132.6;NA;543;1392;01/07/2016;G;J0;NA;;39;43900;543
167487;LupNInf;2;06/06/2016;J14;35;NA;186;NA;NA;NA;602;1392;01/07/2016;G;J14;NA;;39;43900;543
167487;LupNInf;2;10/06/2016;J18;34;0;190;48840;274.4;NA;NA;NA;NA;G;NA;NA;;39;43900;543
167487;LupNInf;2;13/06/2016;J21;35;0;193;44880;-1320;NA;NA;NA;NA;G;NA;NA;;39;43900;543
167487;LupNInf;2;16/06/2016;J24;33;0;196;45120;80;NA;NA;NA;NA;G;NA;NA;;39;43900;543
167487;LupNInf;2;22/06/2016;J30;34;0;202;44970;-25;35.7;618;1392;01/07/2016;G;JFin;NA;;39;43900;543
167489;LupInf;1;22/03/2016;J-13;NA;NA;110;34140;NA;NA;NA;NA;NA;F;NA;NA;;NA;NA;NA
167489;LupInf;1;04/04/2016;J0;42;0;123;37850;285.4;NA;532;1175;09/06/2016;F;J0;NA;;42;37850;532
167489;LupInf;1;18/04/2016;J14;30;NA;137;NA;NA;NA;1900;1175;09/06/2016;F;J14;NA;;42;37850;532
167489;LupInf;1;22/04/2016;J18;22;120;141;39480;90.6;NA;NA;NA;NA;F;NA;NA;;42;37850;532
167489;LupInf;1;25/04/2016;J21;19;8400;144;37120;-786.7;NA;NA;NA;NA;F;NA;NA;;42;37850;532
167489;LupInf;1;28/04/2016;J24;15;32250;147;36200;-306.7;NA;NA;NA;NA;F;NA;NA;;42;37850;532
167489;LupInf;1;02/05/2016;J28;11;74300;151;33960;-560;-68.8;1231;1175;09/06/2016;F;JFin;18;1;42;37850;532
167489;LupInf;2;23/05/2016;J0;29;0;172;34770;38.6;NA;672;968;07/07/2016;A;J0;NA;;29;34770;672
167489;LupInf;2;06/06/2016;J14;34;NA;186;NA;NA;NA;1188;968;07/07/2016;A;J14;NA;;29;34770;672
167489;LupInf;2;10/06/2016;J18;33;0;190;38230;192.2;NA;NA;NA;NA;F;NA;NA;;29;34770;787
167489;LupInf;2;13/06/2016;J21;31;0;193;39100;290;NA;NA;NA;NA;F;NA;NA;;29;34770;787
167489;LupInf;2;16/06/2016;J24;32;195;196;39560;153.3;NA;NA;NA;NA;F;NA;NA;;29;34770;787
167489;LupInf;2;22/06/2016;J30;32;2950;202;38610;-158.3;31.7;1675;968;07/07/2016;A;JFin;24;1;29;34770;672
167503;LupInf;1;22/03/2016;J-13;NA;NA;110;29460;NA;NA;NA;NA;NA;F;NA;NA;;NA;NA;NA
167503;LupInf;1;04/04/2016;J0;39;0;123;31710;173.1;NA;723;1175;09/06/2016;F;J0;NA;;39;31710;723
167503;LupInf;1;18/04/2016;J14;32;NA;137;NA;NA;NA;2012;1175;09/06/2016;F;J14;NA;;39;31710;723
167503;LupInf;1;22/04/2016;J18;21;75;141;33370;92.2;NA;NA;NA;NA;G;NA;NA;;39;31710;723
167503;LupInf;1;25/04/2016;J21;20;5850;144;32020;-450;NA;NA;NA;NA;G;NA;NA;;39;31710;723
167503;LupInf;1;28/04/2016;J24;15;19400;147;31000;-340;NA;NA;NA;NA;G;NA;NA;;39;31710;723
167503;LupInf;1;02/05/2016;J28;14;23500;151;30540;-115;-29.6;1111;1175;09/06/2016;G;JFin;18;1;39;31710;723
167503;LupInf;2;23/05/2016;J0;34;0;172;34140;171.4;NA;521;1392;01/07/2016;F;J0;NA;;34;34140;521
167503;LupInf;2;06/06/2016;J14;36;NA;186;NA;NA;NA;1578;1392;01/07/2016;F;J14;NA;;34;34140;521
167503;LupInf;2;10/06/2016;J18;33;0;190;38800;258.9;NA;NA;NA;NA;G;NA;NA;;34;34140;521
167503;LupInf;2;13/06/2016;J21;31;0;193;36910;-630;NA;NA;NA;NA;G;NA;NA;;34;34140;521
167503;LupInf;2;16/06/2016;J24;33;15;196;36020;-296.7;NA;NA;NA;NA;G;NA;NA;;34;34140;521
167503;LupInf;2;22/06/2016;J30;30;4450;202;35760;-43.3;-253.3;1132;1392;01/07/2016;G;JFin;24;1;34;34140;521
167505;ConcNInf;1;22/03/2016;J-13;NA;NA;110;30110;NA;NA;NA;NA;NA;F;NA;NA;;NA;NA;NA
167505;ConcNInf;1;04/04/2016;J0;39;0;123;30590;36.9;NA;464;1175;09/06/2016;F;J0;NA;;39;30590;464
167505;ConcNInf;1;18/04/2016;J14;37;NA;137;NA;NA;NA;273;1175;09/06/2016;F;J14;NA;;39;30590;464
167505;ConcNInf;1;22/04/2016;J18;33;0;141;31330;41.1;NA;NA;NA;NA;F;NA;NA;;39;30590;464
167505;ConcNInf;1;25/04/2016;J21;35;0;144;32870;513.3;NA;NA;NA;NA;F;NA;NA;;39;30590;464
167505;ConcNInf;1;28/04/2016;J24;35;0;147;31760;-370;NA;NA;NA;NA;F;NA;NA;;39;30590;464
167505;ConcNInf;1;04/05/2016;J30;31;0;153;34180;403.3;119.7;347;1175;09/06/2016;F;JFin;NA;;39;30590;464
167505;ConcNInf;2;23/05/2016;J0;37;0;172;34950;40.5;NA;371;1392;01/07/2016;F;J0;NA;;37;34950;371
167505;ConcNInf;2;06/06/2016;J14;34;NA;186;NA;NA;NA;427;1392;01/07/2016;F;J14;NA;;37;34950;371
167505;ConcNInf;2;10/06/2016;J18;34;0;190;37190;124.4;NA;NA;NA;NA;F;NA;NA;;37;34950;371
167505;ConcNInf;2;13/06/2016;J21;32;0;193;37680;163.3;NA;NA;NA;NA;F;NA;NA;;37;34950;371
167505;ConcNInf;2;16/06/2016;J24;34;0;196;39030;450;NA;NA;NA;NA;F;NA;NA;;37;34950;371
167505;ConcNInf;2;22/06/2016;J30;32;0;202;36820;-368.3;62.3;420;1392;01/07/2016;F;JFin;NA;;37;34950;371
167513;LupInf;1;22/03/2016;J-13;NA;NA;110;31450;NA;NA;NA;NA;NA;G;NA;NA;;NA;NA;NA
167513;LupInf;1;04/04/2016;J0;39;0;123;33640;168.5;NA;359;1175;09/06/2016;G;J0;NA;;39;33640;359
167513;LupInf;1;18/04/2016;J14;29;NA;137;NA;NA;NA;564;1175;09/06/2016;G;J14;NA;;39;33640;359
167513;LupInf;1;22/04/2016;J18;18;375;141;34680;57.8;NA;NA;NA;NA;G;NA;NA;;39;33640;359
167513;LupInf;1;25/04/2016;J21;22;19200;144;32630;-683.3;NA;NA;NA;NA;G;NA;NA;;39;33640;359
167513;LupInf;1;28/04/2016;J24;13;54150;147;33520;296.7;NA;NA;NA;NA;G;NA;NA;;39;33640;359
167513;LupInf;1;04/05/2016;J30;;;153;34160;106.7;-5;246;1175;09/06/2016;G;JFin;18;1;39;33640;359
167513;LupInf;2;23/05/2016;J0;36;0;172;36110;102.6;NA;265;1392;01/07/2016;G;J0;NA;;36;36110;265
167513;LupInf;2;06/06/2016;J14;33;NA;186;NA;NA;NA;302;1392;01/07/2016;G;J14;NA;;36;36110;265
167513;LupInf;2;10/06/2016;J18;29;0;190;42180;337.2;NA;NA;NA;NA;G;NA;NA;;36;36110;265
167513;LupInf;2;13/06/2016;J21;27;1380;193;38850;-1110;NA;NA;NA;NA;G;NA;NA;;36;36110;265
167513;LupInf;2;16/06/2016;J24;26;7400;196;38940;30;NA;NA;NA;NA;G;NA;NA;;36;36110;265
167513;LupInf;2;22/06/2016;J30;23;10700;202;39350;68.3;-235.8;250;1392;01/07/2016;G;JFin;21;1;36;36110;265
167514;ConcInf;1;22/03/2016;J-13;NA;NA;109;32500;NA;NA;NA;NA;NA;F;NA;NA;;NA;NA;NA
167514;ConcInf;1;04/04/2016;J0;36;0;122;33750;96.2;NA;174;1175;09/06/2016;F;J0;NA;;36;33750;174
167514;ConcInf;1;18/04/2016;J14;29;NA;136;NA;NA;NA;605;1175;09/06/2016;F;J14;NA;;36;33750;174
167514;ConcInf;1;22/04/2016;J18;22;30;140;37650;216.7;NA;NA;NA;NA;F;NA;NA;;36;33750;174
167514;ConcInf;1;25/04/2016;J21;21;5800;143;36730;-306.7;NA;NA;NA;NA;F;NA;NA;;36;33750;174
167514;ConcInf;1;28/04/2016;J24;20;16150;146;35680;-350;NA;NA;NA;NA;F;NA;NA;;36;33750;174
167514;ConcInf;1;04/05/2016;J30;11;10550;152;35930;41.7;80.4;405;1175;09/06/2016;F;JFin;18;1;36;33750;174
167514;ConcInf;2;23/05/2016;J0;36;0;171;40370;233.7;NA;138;1392;01/07/2016;F;J0;NA;;36;40370;138
167514;ConcInf;2;06/06/2016;J14;37;NA;185;NA;NA;NA;531;1392;01/07/2016;F;J14;NA;;36;40370;138
167514;ConcInf;2;10/06/2016;J18;34;0;189;40160;-11.7;NA;NA;NA;NA;F;NA;NA;;36;40370;138
167514;ConcInf;2;13/06/2016;J21;33;0;192;41220;353.3;NA;NA;NA;NA;F;NA;NA;;36;40370;138
167514;ConcInf;2;16/06/2016;J24;34;45;195;41690;156.7;NA;NA;NA;NA;F;NA;NA;;36;40370;138
167514;ConcInf;2;22/06/2016;J30;31;1500;201;41220;-78.3;88.3;296;1392;01/07/2016;F;JFin;24;1;36;40370;138
167517;LupNInf;1;22/03/2016;J-13;NA;NA;109;33160;NA;NA;NA;NA;NA;G;NA;NA;;NA;NA;NA
167517;LupNInf;1;04/04/2016;J0;40;0;122;36850;283.8;NA;-72;1175;09/06/2016;G;J0;NA;;40;36850;-72
167517;LupNInf;1;18/04/2016;J14;41;NA;136;NA;NA;NA;286;1175;09/06/2016;G;J14;NA;;40;36850;-72
167517;LupNInf;1;22/04/2016;J18;42;0;140;40520;203.9;NA;NA;NA;NA;G;NA;NA;;40;36850;-72
167517;LupNInf;1;25/04/2016;J21;42;0;143;41020;166.7;NA;NA;NA;NA;G;NA;NA;;40;36850;-72
167517;LupNInf;1;28/04/2016;J24;42;0;146;39220;-600;NA;NA;NA;NA;G;NA;NA;;40;36850;-72
167517;LupNInf;1;04/05/2016;J30;39;0;152;42890;611.7;201.3;239;1175;09/06/2016;G;JFin;NA;;40;36850;-72
167517;LupNInf;2;23/05/2016;J0;44;0;171;41640;-65.8;NA;382;968;07/07/2016;A;J0;NA;;44;41640;382
167517;LupNInf;2;06/06/2016;J14;36;NA;185;NA;NA;NA;147;1392;01/07/2016;G;J14;NA;;44;41640;382
167517;LupNInf;2;10/06/2016;J18;34;0;189;46110;248.3;NA;NA;NA;NA;G;NA;NA;;44;41640;353
167517;LupNInf;2;13/06/2016;J21;36;0;192;42430;-1226.7;NA;NA;NA;NA;G;NA;NA;;44;41640;353
167517;LupNInf;2;16/06/2016;J24;35;0;195;42380;-16.7;NA;NA;NA;NA;G;NA;NA;;44;41640;353
167517;LupNInf;2;22/06/2016;J30;35;0;201;42170;-35;17.7;390;1392;01/07/2016;G;JFin;NA;;44;41640;382
167519;ConcNInf;1;22/03/2016;J-13;NA;NA;109;37240;NA;NA;NA;NA;NA;F;NA;NA;;NA;NA;NA
167519;ConcNInf;1;04/04/2016;J0;39;0;122;38450;93.1;NA;221;1175;09/06/2016;F;J0;NA;;39;38450;221
167519;ConcNInf;1;18/04/2016;J14;40;NA;136;NA;NA;NA;267;1175;09/06/2016;F;J14;NA;;39;38450;221
167519;ConcNInf;1;22/04/2016;J18;40;0;140;42950;250;NA;NA;NA;NA;F;NA;NA;;39;38450;221
167519;ConcNInf;1;25/04/2016;J21;41;0;143;44750;600;NA;NA;NA;NA;F;NA;NA;;39;38450;221
167519;ConcNInf;1;28/04/2016;J24;43;0;146;42620;-710;NA;NA;NA;NA;F;NA;NA;;39;38450;221
167519;ConcNInf;1;04/05/2016;J30;40;0;152;45840;536.7;246.3;215;1175;09/06/2016;F;JFin;NA;;39;38450;221
167519;ConcNInf;2;23/05/2016;J0;45;0;171;48080;117.9;NA;269;1392;01/07/2016;F;J0;NA;;45;48080;269
167519;ConcNInf;2;06/06/2016;J14;43;NA;185;NA;NA;NA;354;1392;01/07/2016;F;J14;NA;;45;48080;269
167519;ConcNInf;2;10/06/2016;J18;40;0;189;50000;106.7;NA;NA;NA;NA;F;NA;NA;;45;48080;269
167519;ConcNInf;2;13/06/2016;J21;37;0;192;50580;193.3;NA;NA;NA;NA;F;NA;NA;;45;48080;269
167519;ConcNInf;2;16/06/2016;J24;38;0;195;53220;880;NA;NA;NA;NA;F;NA;NA;;45;48080;269
167519;ConcNInf;2;22/06/2016;J30;40;0;201;50000;-536.7;64;300;1392;01/07/2016;F;JFin;NA;;45;48080;269
167523;LupInf;1;22/03/2016;J-13;NA;NA;108;33730;NA;NA;NA;NA;NA;G;NA;NA;;NA;NA;NA
167523;LupInf;1;04/04/2016;J0;38;0;121;35680;150;NA;219;1175;09/06/2016;G;J0;NA;;38;35680;219
167523;LupInf;1;18/04/2016;J14;33;NA;135;NA;NA;NA;1274;1175;09/06/2016;G;J14;NA;;38;35680;219
167523;LupInf;1;22/04/2016;J18;22;0;139;34950;-40.6;NA;NA;NA;NA;H;NA;NA;;38;35680;219
167523;LupInf;1;25/04/2016;J21;18;8750;142;34040;-303.3;NA;NA;NA;NA;H;NA;NA;;38;35680;219
167523;LupInf;1;28/04/2016;J24;14;39150;145;33100;-313.3;NA;NA;NA;NA;H;NA;NA;;38;35680;219
167523;LupInf;1;04/05/2016;J30;;;151;32710;-65;-107.5;655;1175;09/06/2016;H;JFin;21;1;38;35680;219
167523;LupInf;2;23/05/2016;J0;28;0;170;35580;151.1;NA;502;1392;01/07/2016;G;J0;NA;;28;35580;502
167523;LupInf;2;06/06/2016;J14;30;NA;184;NA;NA;NA;559;1392;01/07/2016;G;J14;NA;;28;35580;502
167523;LupInf;2;10/06/2016;J18;28;0;188;40990;300.6;NA;NA;NA;NA;H;NA;NA;;28;35580;502
167523;LupInf;2;13/06/2016;J21;27;15;191;37320;-1223.3;NA;NA;NA;NA;H;NA;NA;;28;35580;502
167523;LupInf;2;16/06/2016;J24;26;2340;194;39150;610;NA;NA;NA;NA;H;NA;NA;;28;35580;502
167523;LupInf;2;22/06/2016;J30;25;6350;200;40040;148.3;-79.2;514;1392;01/07/2016;H;JFin;21;1;28;35580;502
167529;ConcInf;1;22/03/2016;J-13;NA;NA;108;32220;NA;NA;NA;NA;NA;G;NA;NA;;NA;NA;NA
167529;ConcInf;1;04/04/2016;J0;36;0;121;34070;142.3;NA;177;1175;09/06/2016;G;J0;NA;;36;34070;177
167529;ConcInf;1;18/04/2016;J14;29;NA;135;NA;NA;NA;540;1175;09/06/2016;G;J14;NA;;36;34070;177
167529;ConcInf;1;22/04/2016;J18;23;45;139;37730;203.3;NA;NA;NA;NA;G;NA;NA;;36;34070;177
167529;ConcInf;1;25/04/2016;J21;23;5200;142;37360;-123.3;NA;NA;NA;NA;G;NA;NA;;36;34070;177
167529;ConcInf;1;28/04/2016;J24;23;18100;145;36360;-333.3;NA;NA;NA;NA;G;NA;NA;;36;34070;177
167529;ConcInf;1;04/05/2016;J30;22;11550;151;34780;-263.3;95.4;395;1175;09/06/2016;G;JFin;18;1;36;34070;177
167529;ConcInf;2;23/05/2016;J0;33;0;170;41340;345.3;NA;235;1392;01/07/2016;G;J0;NA;;33;41340;235
167529;ConcInf;2;06/06/2016;J14;39;NA;184;NA;NA;NA;394;1392;01/07/2016;G;J14;NA;;33;41340;235
167529;ConcInf;2;10/06/2016;J18;34;0;188;43140;100;NA;NA;NA;NA;G;NA;NA;;33;41340;235
167529;ConcInf;2;13/06/2016;J21;30;240;191;45110;656.7;NA;NA;NA;NA;G;NA;NA;;33;41340;235
167529;ConcInf;2;16/06/2016;J24;31;3570;194;45200;30;NA;NA;NA;NA;G;NA;NA;;33;41340;235
167529;ConcInf;2;22/06/2016;J30;29;7750;200;44200;-166.7;88.3;312;1392;01/07/2016;G;JFin;21;1;33;41340;235
167530;ConcInf;1;22/03/2016;J-13;NA;NA;108;38030;NA;NA;NA;NA;NA;G;NA;NA;;NA;NA;NA
167530;ConcInf;1;04/04/2016;J0;38;0;121;39170;87.7;NA;264;1175;09/06/2016;G;J0;NA;;38;39170;264
167530;ConcInf;1;18/04/2016;J14;33;NA;135;NA;NA;NA;963;1175;09/06/2016;G;J14;NA;;38;39170;264
167530;ConcInf;1;22/04/2016;J18;23;0;139;40880;95;NA;NA;NA;NA;G;NA;NA;;38;39170;264
167530;ConcInf;1;25/04/2016;J21;26;3550;142;40510;-123.3;NA;NA;NA;NA;G;NA;NA;;38;39170;264
167530;ConcInf;1;28/04/2016;J24;23;14400;145;38730;-593.3;NA;NA;NA;NA;G;NA;NA;;38;39170;264
167530;ConcInf;1;04/05/2016;J30;20;11050;151;39940;201.7;-18.3;896;1175;09/06/2016;G;JFin;21;1;38;39170;264
167530;ConcInf;2;23/05/2016;J0;35;0;170;46190;328.9;NA;296;968;07/07/2016;A;J0;NA;;35;46190;296
167530;ConcInf;2;06/06/2016;J14;39;NA;184;NA;NA;NA;1019;968;07/07/2016;A;J14;NA;;35;46190;296
167530;ConcInf;2;10/06/2016;J18;39;0;188;50620;246.1;NA;NA;NA;NA;G;NA;NA;;35;46190;-162
167530;ConcInf;2;13/06/2016;J21;36;0;191;49920;-233.3;NA;NA;NA;NA;G;NA;NA;;35;46190;-162
167530;ConcInf;2;16/06/2016;J24;38;45;194;48640;-426.7;NA;NA;NA;NA;G;NA;NA;;35;46190;-162
167530;ConcInf;2;22/06/2016;J30;38;350;200;48070;-95;-212.5;389;968;07/07/2016;A;JFin;24;1;35;46190;296
167532;ConcNInf;1;22/03/2016;J-13;NA;NA;108;37440;NA;NA;NA;NA;NA;G;NA;NA;;NA;NA;NA
167532;ConcNInf;1;04/04/2016;J0;40;0;121;37520;6.2;NA;428;1175;09/06/2016;G;J0;NA;;40;37520;428
167532;ConcNInf;1;18/04/2016;J14;40;NA;135;NA;NA;NA;408;1175;09/06/2016;G;J14;NA;;40;37520;428
167532;ConcNInf;1;22/04/2016;J18;39;0;139;41580;225.6;NA;NA;NA;NA;G;NA;NA;;40;37520;428
167532;ConcNInf;1;25/04/2016;J21;41;0;142;42610;343.3;NA;NA;NA;NA;G;NA;NA;;40;37520;428
167532;ConcNInf;1;28/04/2016;J24;42;0;145;41180;-476.7;NA;NA;NA;NA;G;NA;NA;;40;37520;428
167532;ConcNInf;1;04/05/2016;J30;36;0;151;45220;673.3;256.7;444;1175;09/06/2016;G;JFin;NA;;40;37520;428
167532;ConcNInf;2;23/05/2016;J0;40;0;170;47620;126.3;NA;515;1392;01/07/2016;G;J0;NA;;40;47620;515
167532;ConcNInf;2;06/06/2016;J14;36;NA;184;NA;NA;NA;576;1392;01/07/2016;G;J14;NA;;40;47620;515
167532;ConcNInf;2;10/06/2016;J18;36;0;188;48380;42.2;NA;NA;NA;NA;G;NA;NA;;40;47620;515
167532;ConcNInf;2;13/06/2016;J21;37;0;191;49240;286.7;NA;NA;NA;NA;G;NA;NA;;40;47620;515
167532;ConcNInf;2;16/06/2016;J24;35;0;194;52500;1086.7;NA;NA;NA;NA;G;NA;NA;;40;47620;515
167532;ConcNInf;2;22/06/2016;J30;37;0;200;48270;-705;21.7;506;1392;01/07/2016;G;JFin;NA;;40;47620;515
167533;ConcNInf;1;22/03/2016;J-13;NA;NA;108;37860;NA;NA;NA;NA;NA;G;NA;NA;;NA;NA;NA
167533;ConcNInf;1;04/04/2016;J0;37;0;121;42480;355.4;NA;271;1175;09/06/2016;G;J0;NA;;37;42480;271
167533;ConcNInf;1;18/04/2016;J14;38;NA;135;NA;NA;NA;351;1175;09/06/2016;G;J14;NA;;37;42480;271
167533;ConcNInf;1;22/04/2016;J18;37;0;139;46090;200.6;NA;NA;NA;NA;G;NA;NA;;37;42480;271
167533;ConcNInf;1;25/04/2016;J21;41;0;142;46520;143.3;NA;NA;NA;NA;G;NA;NA;;37;42480;271
167533;ConcNInf;1;28/04/2016;J24;43;0;145;43850;-890;NA;NA;NA;NA;G;NA;NA;;37;42480;271
167533;ConcNInf;1;04/05/2016;J30;37;0;151;49590;956.7;237;154;1175;09/06/2016;G;JFin;NA;;37;42480;271
167533;ConcNInf;2;23/05/2016;J0;38;0;170;51560;103.7;NA;326;1392;01/07/2016;G;J0;NA;;38;51560;326
167533;ConcNInf;2;06/06/2016;J14;39;NA;184;NA;NA;NA;353;1392;01/07/2016;G;J14;NA;;38;51560;326
167533;ConcNInf;2;10/06/2016;J18;37;0;188;57630;337.2;NA;NA;NA;NA;G;NA;NA;;38;51560;326
167533;ConcNInf;2;13/06/2016;J21;36;0;191;53450;-1393.3;NA;NA;NA;NA;G;NA;NA;;38;51560;326
167533;ConcNInf;2;16/06/2016;J24;38;0;194;53230;-73.3;NA;NA;NA;NA;G;NA;NA;;38;51560;326
167533;ConcNInf;2;22/06/2016;J30;38;0;200;53740;85;72.7;301;1392;01/07/2016;G;JFin;NA;;38;51560;326
167540;ConcNInf;1;22/03/2016;J-13;NA;NA;107;30290;NA;NA;NA;NA;NA;H;NA;NA;;NA;NA;NA
167540;ConcNInf;1;04/04/2016;J0;36;0;120;32090;138.5;NA;524;1175;09/06/2016;H;J0;NA;;36;32090;524
167540;ConcNInf;1;18/04/2016;J14;38;NA;134;NA;NA;NA;462;1175;09/06/2016;H;J14;NA;;36;32090;524
167540;ConcNInf;1;22/04/2016;J18;36;0;138;35920;212.8;NA;NA;NA;NA;H;NA;NA;;36;32090;524
167540;ConcNInf;1;25/04/2016;J21;35;0;141;35970;16.7;NA;NA;NA;NA;H;NA;NA;;36;32090;524
167540;ConcNInf;1;28/04/2016;J24;42;0;144;34730;-413.3;NA;NA;NA;NA;H;NA;NA;;36;32090;524
167540;ConcNInf;1;04/05/2016;J30;36;0;150;37410;446.7;177.3;445;1175;09/06/2016;H;JFin;NA;;36;32090;524
167540;ConcNInf;2;23/05/2016;J0;40;0;169;40220;147.9;NA;274;1392;01/07/2016;H;J0;NA;;40;40220;274
167540;ConcNInf;2;06/06/2016;J14;37;NA;183;NA;NA;NA;660;1392;01/07/2016;H;J14;NA;;40;40220;274
167540;ConcNInf;2;10/06/2016;J18;35;0;187;42400;121.1;NA;NA;NA;NA;H;NA;NA;;40;40220;274
167540;ConcNInf;2;13/06/2016;J21;36;0;190;43280;293.3;NA;NA;NA;NA;H;NA;NA;;40;40220;274
167540;ConcNInf;2;16/06/2016;J24;37;0;193;44850;523.3;NA;NA;NA;NA;H;NA;NA;;40;40220;274
167540;ConcNInf;2;22/06/2016;J30;37;0;199;42870;-330;88.3;406;1392;01/07/2016;H;JFin;NA;;40;40220;274
