ID_ANIMAL;Lot;Lignee;NO_Lact;Infestation;Date;Jour_Prlv;Ht;FEC;PL;TB;TP;CCS;scs;Stade;Pepsino;Date dosage;TM_Pep;Plaque_peps;pep0;Tps_exc;Censure;Ht0;PL0;TB0;TP0;scs0
10297;ConcNInf;CCS-;6;1;13/05/2016;J0;27;0;1599;339;312;1092;6.45;123;973;16/06/2016;1627;A;973;NA;;27;1599;339;312;6.45
10297;ConcNInf;CCS-;6;1;27/05/2016;J14;28;NA;1368;308;322;999;6.32;137;964;16/06/2016;1627;A;973;NA;;27;1599;339;312;6.45
10297;ConcNInf;CCS-;6;1;31/05/2016;J18;30;0;NA;NA;NA;NA;NA;NA;NA;NA;NA;NA;NA;NA;;27;1599;339;312;6.45
10297;ConcNInf;CCS-;6;1;03/06/2016;J21;29;0;1083;340;301;1028;6.36;144;NA;NA;NA;NA;NA;NA;;27;1599;339;312;6.45
10297;ConcNInf;CCS-;6;1;06/06/2016;J24;28;0;NA;NA;NA;NA;NA;NA;NA;NA;NA;NA;NA;NA;;27;1599;339;312;6.45
10297;ConcNInf;CCS-;6;1;13/06/2016;J31;28;15;1403;286;310;1406;6.81;154;953;16/06/2016;1627;A;973;NA;;27;1599;339;312;6.45
10297;ConcNInf;CCS-;6;2;01/07/2016;J0;29;0;976;303;327;9188;9.52;173;;;;;;NA;;29;976;303;327;9.52
10297;ConcNInf;CCS-;6;2;15/07/2016;J14;31;NA;1279;268;313;1111;6.47;187;;;;;;NA;;29;976;303;327;9.52
10297;ConcNInf;CCS-;6;2;19/07/2016;J18;29;0;NA;NA;NA;NA;NA;NA;;;;;;NA;;29;976;303;327;9.52
10297;ConcNInf;CCS-;6;2;22/07/2016;J21;30;15;1350;241;314;1010;6.34;194;;;;;;NA;;29;976;303;327;9.52
10297;ConcNInf;CCS-;6;2;25/07/2016;J24;31;0;NA;NA;NA;NA;NA;NA;;;;;;NA;;29;976;303;327;9.52
10297;ConcNInf;CCS-;6;2;01/08/2016;J31;32;0;1119;346;315;1479;6.89;204;;;;;;NA;;29;976;303;327;9.52
11032;LupNInf;CCS-;5;1;13/05/2016;J0;24;0;2151;309;321;692;5.79;116;438;16/06/2016;1627;A;438;NA;;24;2151;309;321;5.79
11032;LupNInf;CCS-;5;1;27/05/2016;J14;24;NA;1849;302;326;923;6.21;130;424;16/06/2016;1627;A;438;NA;;24;2151;309;321;5.79
11032;LupNInf;CCS-;5;1;31/05/2016;J18;25;0;NA;NA;NA;NA;NA;NA;NA;NA;NA;NA;NA;NA;;24;2151;309;321;5.79
11032;LupNInf;CCS-;5;1;03/06/2016;J21;25;0;1421;260;315;1868;7.22;137;NA;NA;NA;NA;NA;NA;;24;2151;309;321;5.79
11032;LupNInf;CCS-;5;1;06/06/2016;J24;24;0;NA;NA;NA;NA;NA;NA;NA;NA;NA;NA;NA;NA;;24;2151;309;321;5.79
11032;LupNInf;CCS-;5;1;13/06/2016;J31;23;0;1546;236;328;1016;6.34;147;405;16/06/2016;1627;A;438;NA;;24;2151;309;321;5.79
11032;LupNInf;CCS-;5;2;01/07/2016;J0;24;0;1777;199;327;291;4.54;166;;;;;;NA;;24;1777;199;327;4.54
11032;LupNInf;CCS-;5;2;15/07/2016;J14;27;NA;1475;249;335;1235;6.63;180;;;;;;NA;;24;1777;199;327;4.54
11032;LupNInf;CCS-;5;2;19/07/2016;J18;26;0;NA;NA;NA;NA;NA;NA;;;;;;NA;;24;1777;199;327;4.54
11032;LupNInf;CCS-;5;2;22/07/2016;J21;25;0;1546;179;327;165;3.72;187;;;;;;NA;;24;1777;199;327;4.54
11032;LupNInf;CCS-;5;2;25/07/2016;J24;26;0;NA;NA;NA;NA;NA;NA;;;;;;NA;;24;1777;199;327;4.54
11032;LupNInf;CCS-;5;2;01/08/2016;J31;28;0;1510;214;337;894;6.16;197;;;;;;NA;;24;1777;199;327;4.54
11045;ConcInf;CCS+;4;1;13/05/2016;J0;30;0;2632;193;279;563;5.49;88;762;16/06/2016;1627;A;762;NA;;30;2632;193;179;5.49
11045;ConcInf;CCS+;4;1;27/05/2016;J14;29;NA;2418;152;284;146;3.55;102;1094;16/06/2016;1627;A;762;NA;;30;2632;193;179;5.49
11045;ConcInf;CCS+;4;1;31/05/2016;J18;30;0;NA;NA;NA;NA;NA;NA;NA;NA;NA;NA;NA;NA;;30;2632;193;179;5.49
11045;ConcInf;CCS+;4;1;03/06/2016;J21;27;30;2222;149;264;692;5.79;109;NA;NA;NA;NA;NA;NA;;30;2632;193;179;5.49
11045;ConcInf;CCS+;4;1;06/06/2016;J24;26;465;NA;NA;NA;NA;NA;NA;NA;NA;NA;NA;NA;NA;;30;2632;193;179;5.49
11045;ConcInf;CCS+;4;1;13/06/2016;J31;24;1425;2258;171;267;857;6.1;119;1963;16/06/2016;1627;A;762;21;1;30;2632;193;179;5.49
11045;ConcInf;CCS+;4;2;01/07/2016;J0;26;0;1991;144;281;596;5.58;138;;;;;;NA;;26;1991;144;281;5.58
11045;ConcInf;CCS+;4;2;15/07/2016;J14;29;NA;2294;143;271;920;6.2;152;;;;;;NA;;26;1991;144;281;5.58
11045;ConcInf;CCS+;4;2;19/07/2016;J18;27;0;NA;NA;NA;NA;NA;NA;;;;;;NA;;26;1991;144;281;5.58
11045;ConcInf;CCS+;4;2;22/07/2016;J21;27;0;2365;113;270;192;3.94;159;;;;;;NA;;26;1991;144;281;5.58
11045;ConcInf;CCS+;4;2;25/07/2016;J24;27;60;NA;NA;NA;NA;NA;NA;;;;;;NA;;26;1991;144;281;5.58
11045;ConcInf;CCS+;4;2;01/08/2016;J31;28;1250;1973;173;275;985;6.3;169;;;;;;24;1;26;1991;144;281;5.58
11121;LupNInf;CCS+;4;1;13/05/2016;J0;28;0;2418;289;288;408;5.03;122;864;16/06/2016;1627;A;864;NA;;28;2418;289;288;5.03
11121;LupNInf;CCS+;4;1;27/05/2016;J14;27;NA;1920;273;296;714;5.84;136;817;16/06/2016;1627;A;864;NA;;28;2418;289;288;5.03
11121;LupNInf;CCS+;4;1;31/05/2016;J18;30;0;NA;NA;NA;NA;NA;NA;NA;NA;NA;NA;NA;NA;;28;2418;289;288;5.03
11121;LupNInf;CCS+;4;1;03/06/2016;J21;27;15;1973;230;278;426;5.09;143;NA;NA;NA;NA;NA;NA;;28;2418;289;288;5.03
11121;LupNInf;CCS+;4;1;06/06/2016;J24;28;15;NA;NA;NA;NA;NA;NA;NA;NA;NA;NA;NA;NA;;28;2418;289;288;5.03
11121;LupNInf;CCS+;4;1;13/06/2016;J31;26;0;1920;230;288;644;5.69;153;787;16/06/2016;1627;A;864;NA;;28;2418;289;288;5.03
11121;LupNInf;CCS+;4;2;01/07/2016;J0;26;0;2187;293;295;266;4.41;172;;;;;;NA;;26;2187;293;295;4.41
11121;LupNInf;CCS+;4;2;15/07/2016;J14;32;NA;1653;267;302;1533;6.94;186;;;;;;NA;;26;2187;293;295;4.41
11121;LupNInf;CCS+;4;2;19/07/2016;J18;31;30;NA;NA;NA;NA;NA;NA;;;;;;NA;;26;2187;293;295;4.41
11121;LupNInf;CCS+;4;2;22/07/2016;J21;29;30;1599;223;300;433;5.11;193;;;;;;NA;;26;2187;293;295;4.41
11121;LupNInf;CCS+;4;2;25/07/2016;J24;31;0;NA;NA;NA;NA;NA;NA;;;;;;NA;;26;2187;293;295;4.41
11121;LupNInf;CCS+;4;2;01/08/2016;J31;31;0;1777;243;309;1131;6.5;203;;;;;;NA;;26;2187;293;295;4.41
11200;ConcInf;CCS+;3;1;13/05/2016;J0;30;30;2525;281;305;26;1.06;78;2554;16/06/2016;1627;A;2554;NA;;30;2525;281;305;1.06
11200;ConcInf;CCS+;3;1;27/05/2016;J14;28;NA;2507;286;315;994;6.31;92;2420;16/06/2016;1627;A;2554;NA;;30;2525;281;305;1.06
11200;ConcInf;CCS+;3;1;31/05/2016;J18;29;15;NA;NA;NA;NA;NA;NA;NA;NA;NA;NA;NA;NA;;30;2525;281;305;1.06
11200;ConcInf;CCS+;3;1;03/06/2016;J21;28;0;2294;258;306;2402;7.59;99;NA;NA;NA;NA;NA;NA;;30;2525;281;305;1.06
11200;ConcInf;CCS+;3;1;06/06/2016;J24;24;300;NA;NA;NA;NA;NA;NA;NA;NA;NA;NA;NA;NA;;30;2525;281;305;1.06
11200;ConcInf;CCS+;3;1;13/06/2016;J31;22;570;2400;251;309;5318;8.73;109;2585;16/06/2016;1627;A;2554;18;1;30;2525;281;305;1.06
11200;ConcInf;CCS+;3;2;01/07/2016;J0;25;0;1510;235;319;5932;8.89;128;;;;;;NA;;25;1510;235;319;8.89
11200;ConcInf;CCS+;3;2;15/07/2016;J14;28;NA;1135;221;322;2824;7.82;142;;;;;;NA;;25;1510;235;319;8.89
11200;ConcInf;CCS+;3;2;19/07/2016;J18;27;15;NA;NA;NA;NA;NA;NA;;;;;;NA;;25;1510;235;319;8.89
11200;ConcInf;CCS+;3;2;22/07/2016;J21;28;0;1920;213;308;847;6.08;149;;;;;;NA;;25;1510;235;319;8.89
11200;ConcInf;CCS+;3;2;25/07/2016;J24;26;480;NA;NA;NA;NA;NA;NA;;;;;;NA;;25;1510;235;319;8.89
11200;ConcInf;CCS+;3;2;01/08/2016;J31;25;1440;1492;246;311;4843;8.6;159;;;;;;24;1;25;1510;235;319;8.89
11227;LupNInf;CCS+;4;1;13/05/2016;J0;30;45;816;371;357;541;5.44;126;390;16/06/2016;1627;B;390;NA;;30;816;371;357;5.44
11227;LupNInf;CCS+;4;1;27/05/2016;J14;31;NA;780;344;372;1049;6.39;140;479;16/06/2016;1627;B;390;NA;;30;816;371;357;5.44
11227;LupNInf;CCS+;4;1;31/05/2016;J18;34;30;NA;NA;NA;NA;NA;NA;NA;NA;NA;NA;NA;NA;;30;816;371;357;5.44
11227;LupNInf;CCS+;4;1;03/06/2016;J21;30;15;745;339;357;814;6.03;147;NA;NA;NA;NA;NA;NA;;30;816;371;357;5.44
11227;LupNInf;CCS+;4;1;06/06/2016;J24;31;30;NA;NA;NA;NA;NA;NA;NA;NA;NA;NA;NA;NA;;30;816;371;357;5.44
11227;LupNInf;CCS+;4;1;13/06/2016;J31;31;0;976;378;368;792;5.99;157;742;16/06/2016;1627;B;390;NA;;30;816;371;357;5.44
11227;LupNInf;CCS+;4;2;01/07/2016;J0;27;15;1030;345;349;234;4.23;176;;;;;;NA;;27;1030;345;349;4.23
11227;LupNInf;CCS+;4;2;15/07/2016;J14;30;NA;905;320;365;839;6.07;190;;;;;;NA;;27;1030;345;349;4.23
11227;LupNInf;CCS+;4;2;19/07/2016;J18;28;15;NA;NA;NA;NA;NA;NA;;;;;;NA;;27;1030;345;349;4.23
11227;LupNInf;CCS+;4;2;22/07/2016;J21;28;0;923;258;330;417;5.060047384;197;;;;;;NA;;27;1030;345;349;4.23
11227;LupNInf;CCS+;4;2;25/07/2016;J24;29;15;NA;NA;NA;NA;NA;NA;;;;;;NA;;27;1030;345;349;4.23
11227;LupNInf;CCS+;4;2;01/08/2016;J31;31;15;834;303;366;687;5.78;207;;;;;;NA;;27;1030;345;349;4.23
12037;ConcInf;CCS-;3;1;13/05/2016;J0;29;0;2596;250;272;1355;6.76;114;849;16/06/2016;1627;B;849;NA;;29;2596;250;272;6.76
12037;ConcInf;CCS-;3;1;27/05/2016;J14;23;NA;2169;257;270;1400;6.81;128;1007;16/06/2016;1627;B;849;NA;;29;2596;250;272;6.76
12037;ConcInf;CCS-;3;1;31/05/2016;J18;20;0;NA;NA;NA;NA;NA;NA;NA;NA;NA;NA;NA;NA;;29;2596;250;272;6.76
12037;ConcInf;CCS-;3;1;03/06/2016;J21;18;15;2169;223;256;334;4.74;135;NA;NA;NA;NA;NA;NA;;29;2596;250;272;6.76
12037;ConcInf;CCS-;3;1;06/06/2016;J24;17;90;NA;NA;NA;NA;NA;NA;NA;NA;NA;NA;NA;NA;;29;2596;250;272;6.76
12037;ConcInf;CCS-;3;1;13/06/2016;J31;18;510;2116;233;232;555;5.47;145;1256;16/06/2016;1627;B;849;21;1;29;2596;250;272;6.76
12037;ConcInf;CCS-;3;2;01/07/2016;J0;28;0;2222;222;263;455;5.19;164;;;;;;NA;;28;2222;222;263;5.19
12037;ConcInf;CCS-;3;2;15/07/2016;J14;32;NA;2347;224;273;1070;6.42;178;;;;;;NA;;28;2222;222;263;5.19
12037;ConcInf;CCS-;3;2;19/07/2016;J18;28;0;NA;NA;NA;NA;NA;NA;;;;;;NA;;28;2222;222;263;5.19
12037;ConcInf;CCS-;3;2;22/07/2016;J21;28;0;2614;187;249;733;5.87;185;;;;;;NA;;28;2222;222;263;5.19
12037;ConcInf;CCS-;3;2;25/07/2016;J24;29;0;NA;NA;NA;NA;NA;NA;;;;;;NA;;28;2222;222;263;5.19
12037;ConcInf;CCS-;3;2;01/08/2016;J31;27;900;2294;241;261;562;5.49;195;;;;;;31;1;28;2222;222;263;5.19
12050;LupNInf;CCS-;4;1;13/05/2016;J0;26;0;1279;158;338;48;1.94;117;467;16/06/2016;1627;B;467;NA;;26;1279;158;338;1.94
12050;LupNInf;CCS-;4;1;27/05/2016;J14;26;NA;1350;209;344;42;1.75;131;353;16/06/2016;1627;B;467;NA;;26;1279;158;338;1.94
12050;LupNInf;CCS-;4;1;31/05/2016;J18;28;0;NA;NA;NA;NA;NA;NA;NA;NA;NA;NA;NA;NA;;26;1279;158;338;1.94
12050;LupNInf;CCS-;4;1;03/06/2016;J21;25;45;1599;175;324;52;2.06;138;NA;NA;NA;NA;NA;NA;;26;1279;158;338;1.94
12050;LupNInf;CCS-;4;1;06/06/2016;J24;27;0;NA;NA;NA;NA;NA;NA;NA;NA;NA;NA;NA;NA;;26;1279;158;338;1.94
12050;LupNInf;CCS-;4;1;13/06/2016;J31;25;180;1475;214;329;102;3.03;148;406;16/06/2016;1627;B;467;NA;;26;1279;158;338;1.94
12050;LupNInf;CCS-;4;2;01/07/2016;J0;23;0;1599;187;350;56;2.16;167;;;;;;NA;;23;1599;187;350;2.16
12050;LupNInf;CCS-;4;2;15/07/2016;J14;29;NA;1421;236;361;241;4.27;181;;;;;;NA;;23;1599;187;350;2.16
12050;LupNInf;CCS-;4;2;19/07/2016;J18;25;0;NA;NA;NA;NA;NA;NA;;;;;;NA;;23;1599;187;350;2.16
12050;LupNInf;CCS-;4;2;22/07/2016;J21;24;0;1403;159;347;27;1.11;188;;;;;;NA;;23;1599;187;350;2.16
12050;LupNInf;CCS-;4;2;25/07/2016;J24;28;0;NA;NA;NA;NA;NA;NA;;;;;;NA;;23;1599;187;350;2.16
12050;LupNInf;CCS-;4;2;01/08/2016;J31;32;0;1403;186;343;147;3.56;198;;;;;;NA;;23;1599;187;350;2.16
12055;LupInf;CCS-;4;1;13/05/2016;J0;28;0;2222;241;297;83;2.73;117;484;16/06/2016;1627;A;484;NA;;28;2222;241;297;2.73
12055;LupInf;CCS-;4;1;27/05/2016;J14;24;NA;1973;261;289;924;6.21;131;1539;16/06/2016;1627;A;484;NA;;28;2222;241;297;2.73
12055;LupInf;CCS-;4;1;31/05/2016;J18;27;0;NA;NA;NA;NA;NA;NA;NA;NA;NA;NA;NA;NA;;28;2222;241;297;2.73
12055;LupInf;CCS-;4;1;03/06/2016;J21;26;15;2044;201;290;374;4.9;138;NA;NA;NA;NA;NA;NA;;28;2222;241;297;2.73
12055;LupInf;CCS-;4;1;06/06/2016;J24;25;300;NA;NA;NA;NA;NA;NA;NA;NA;NA;NA;NA;NA;;28;2222;241;297;2.73
12055;LupInf;CCS-;4;1;13/06/2016;J31;22;810;2347;219;278;392;4.97;148;1828;16/06/2016;1627;A;484;21;1;28;2222;241;297;2.73
12055;LupInf;CCS-;4;2;01/07/2016;J0;25;0;2543;211;288;103;3.04;167;;;;;;NA;;25;2543;211;288;3.04
12055;LupInf;CCS-;4;2;15/07/2016;J14;29;NA;1973;211;292;416;5.06;181;;;;;;NA;;25;2543;211;288;3.04
12055;LupInf;CCS-;4;2;19/07/2016;J18;27;0;NA;NA;NA;NA;NA;NA;;;;;;NA;;25;2543;211;288;3.04
12055;LupInf;CCS-;4;2;22/07/2016;J21;26;0;1973;188;294;214;4.1;188;;;;;;NA;;25;2543;211;288;3.04
12055;LupInf;CCS-;4;2;25/07/2016;J24;29;15;NA;NA;NA;NA;NA;NA;;;;;;NA;;25;2543;211;288;3.04
12055;LupInf;CCS-;4;2;01/08/2016;J31;30;765;1849;212;314;403;5.01;198;;;;;;24;1;25;2543;211;288;3.04
12069;LupInf;CCS-;4;1;13/05/2016;J0;25;0;2027;237;281;258;4.37;113;1776;16/06/2016;1627;A;1776;NA;;25;2027;237;281;4.37
12069;LupInf;CCS-;4;1;27/05/2016;J14;23;NA;1920;230;283;152;3.6;127;1957;16/06/2016;1627;A;1776;NA;;25;2027;237;281;4.37
12069;LupInf;CCS-;4;1;31/05/2016;J18;22;0;NA;NA;NA;NA;NA;NA;NA;NA;NA;NA;NA;NA;;25;2027;237;281;4.37
12069;LupInf;CCS-;4;1;03/06/2016;J21;20;15;1973;203;285;149;3.58;134;NA;NA;NA;NA;NA;NA;;25;2027;237;281;4.37
12069;LupInf;CCS-;4;1;06/06/2016;J24;19;420;NA;NA;NA;NA;NA;NA;NA;NA;NA;NA;NA;NA;;25;2027;237;281;4.37
12069;LupInf;CCS-;4;1;13/06/2016;J31;19;420;2418;209;285;473;5.24;144;1907;16/06/2016;1627;B;1776;21;1;25;2027;237;281;4.37
12069;LupInf;CCS-;4;2;01/07/2016;J0;24;0;2294;199;291;85;2.77;163;;;;;;NA;;24;2294;199;291;2.77
12069;LupInf;CCS-;4;2;15/07/2016;J14;27;NA;1920;221;286;184;3.88;177;;;;;;NA;;24;2294;199;291;2.77
12069;LupInf;CCS-;4;2;19/07/2016;J18;24;0;NA;NA;NA;NA;NA;NA;;;;;;NA;;24;2294;199;291;2.77
12069;LupInf;CCS-;4;2;22/07/2016;J21;24;0;1973;192;289;81;2.7;184;;;;;;NA;;24;2294;199;291;2.77
12069;LupInf;CCS-;4;2;25/07/2016;J24;24;630;NA;NA;NA;NA;NA;NA;;;;;;NA;;24;2294;199;291;2.77
12069;LupInf;CCS-;4;2;01/08/2016;J31;24;2250;1724;201;288;219;4.13;194;;;;;;24;1;24;2294;199;291;2.77
12195;ConcInf;CCS+;3;1;13/05/2016;J0;29;0;2133;276;336;21;0.75;121;1175;16/06/2016;1627;B;1175;NA;;29;2133;276;336;0.75
12195;ConcInf;CCS+;3;1;27/05/2016;J14;27;NA;2062;252;339;18;0.53;135;1397;16/06/2016;1627;B;1175;NA;;29;2133;276;336;0.75
12195;ConcInf;CCS+;3;1;31/05/2016;J18;29;15;NA;NA;NA;NA;NA;NA;NA;NA;NA;NA;NA;NA;;29;2133;276;336;0.75
12195;ConcInf;CCS+;3;1;03/06/2016;J21;27;0;1991;245;316;1830;7.19;142;NA;NA;NA;NA;NA;NA;;29;2133;276;336;0.75
12195;ConcInf;CCS+;3;1;06/06/2016;J24;23;375;NA;NA;NA;NA;NA;NA;NA;NA;NA;NA;NA;NA;;29;2133;276;336;0.75
12195;ConcInf;CCS+;3;1;13/06/2016;J31;23;795;2044;238;304;1768;7.14;152;1477;16/06/2016;1627;B;1175;18;1;29;2133;276;336;0.75
12195;ConcInf;CCS+;3;2;01/07/2016;J0;28;0;1724;218;307;427;5.09;171;;;;;;NA;;28;1724;218;307;5.09
12195;ConcInf;CCS+;3;2;15/07/2016;J14;33;NA;1777;233;306;3848;8.27;185;;;;;;NA;;28;1724;218;307;5.09
12195;ConcInf;CCS+;3;2;19/07/2016;J18;29;30;NA;NA;NA;NA;NA;NA;;;;;;NA;;28;1724;218;307;5.09
12195;ConcInf;CCS+;3;2;22/07/2016;J21;30;45;1973;212;308;393;4.97;192;;;;;;NA;;28;1724;218;307;5.09
12195;ConcInf;CCS+;3;2;25/07/2016;J24;32;120;NA;NA;NA;NA;NA;NA;;;;;;NA;;28;1724;218;307;5.09
12195;ConcInf;CCS+;3;2;01/08/2016;J31;27;405;1599;299;318;2566;7.68;202;;;;;;18;1;28;1724;218;307;5.09
13131;ConcNInf;CCS-;3;1;13/05/2016;J0;26;0;1546;297;355;77;2.62;120;966;16/06/2016;1627;B;966;NA;;26;1546;297;355;2.62
13131;ConcNInf;CCS-;3;1;27/05/2016;J14;29;NA;1546;264;356;72;2.53;134;1046;16/06/2016;1627;B;966;NA;;26;1546;297;355;2.62
13131;ConcNInf;CCS-;3;1;31/05/2016;J18;26;0;NA;NA;NA;NA;NA;NA;NA;NA;NA;NA;NA;NA;;26;1546;297;355;2.62
13131;ConcNInf;CCS-;3;1;03/06/2016;J21;26;0;1350;244;359;33;1.4;141;NA;NA;NA;NA;NA;NA;;26;1546;297;355;2.62
13131;ConcNInf;CCS-;3;1;06/06/2016;J24;26;0;NA;NA;NA;NA;NA;NA;NA;NA;NA;NA;NA;NA;;26;1546;297;355;2.62
13131;ConcNInf;CCS-;3;1;13/06/2016;J31;27;0;1350;203;356;284;4.51;151;948;16/06/2016;1627;B;966;NA;;26;1546;297;355;2.62
13131;ConcNInf;CCS-;3;2;01/07/2016;J0;23;0;1350;244;360;197;3.98;170;;;;;;NA;;23;1350;244;360;3.98
13131;ConcNInf;CCS-;3;2;15/07/2016;J14;29;NA;1101;246;356;215;4.1;184;;;;;;NA;;23;1350;244;360;3.98
13131;ConcNInf;CCS-;3;2;19/07/2016;J18;30;0;NA;NA;NA;NA;NA;NA;;;;;;NA;;23;1350;244;360;3.98
13131;ConcNInf;CCS-;3;2;22/07/2016;J21;29;0;1279;192;358;159;3.67;191;;;;;;NA;;23;1350;244;360;3.98
13131;ConcNInf;CCS-;3;2;25/07/2016;J24;30;0;NA;NA;NA;NA;NA;NA;;;;;;NA;;23;1350;244;360;3.98
13131;ConcNInf;CCS-;3;2;01/08/2016;J31;29;15;1350;292;369;197;3.98;201;;;;;;NA;;23;1350;244;360;3.98
13134;ConcNInf;CCS+;3;1;13/05/2016;J0;30;0;2489;248;286;107;3.1;77;383;16/06/2016;1627;B;383;NA;;30;2489;248;286;3.1
13134;ConcNInf;CCS+;3;1;27/05/2016;J14;33;NA;2098;225;295;236;4.24;91;604;16/06/2016;1627;B;383;NA;;30;2489;248;286;3.1
13134;ConcNInf;CCS+;3;1;31/05/2016;J18;33;0;NA;NA;NA;NA;NA;NA;NA;NA;NA;NA;NA;NA;;30;2489;248;286;3.1
13134;ConcNInf;CCS+;3;1;03/06/2016;J21;33;0;1849;248;289;498;5.32;98;NA;NA;NA;NA;NA;NA;;30;2489;248;286;3.1
13134;ConcNInf;CCS+;3;1;06/06/2016;J24;32;0;NA;NA;NA;NA;NA;NA;NA;NA;NA;NA;NA;NA;;30;2489;248;286;3.1
13134;ConcNInf;CCS+;3;1;13/06/2016;J31;28;0;1777;241;304;442;5.14;108;518;16/06/2016;1627;B;383;NA;;30;2489;248;286;3.1
13134;ConcNInf;CCS+;3;2;01/07/2016;J0;28;0;1991;250;317;408;5.03;127;;;;;;NA;;28;1991;250;317;5.03
13134;ConcNInf;CCS+;3;2;15/07/2016;J14;33;NA;2027;270;301;391;4.97;141;;;;;;NA;;28;1991;250;317;5.03
13134;ConcNInf;CCS+;3;2;19/07/2016;J18;29;0;NA;NA;NA;NA;NA;NA;;;;;;NA;;28;1991;250;317;5.03
13134;ConcNInf;CCS+;3;2;22/07/2016;J21;30;0;1884;188;296;407;5.03;148;;;;;;NA;;28;1991;250;317;5.03
13134;ConcNInf;CCS+;3;2;25/07/2016;J24;31;0;NA;NA;NA;NA;NA;NA;;;;;;NA;;28;1991;250;317;5.03
13134;ConcNInf;CCS+;3;2;01/08/2016;J31;31;0;1777;311;325;575;5.52;158;;;;;;NA;;28;1991;250;317;5.03
13166;LupInf;CCS-;2;1;13/05/2016;J0;24;15;1884;286;302;1170;6.55;114;682;16/06/2016;1627;B;682;NA;;24;1884;286;302;6.55
13166;LupInf;CCS-;2;1;27/05/2016;J14;23;NA;1795;308;303;2152;7.43;128;916;16/06/2016;1627;B;682;NA;;24;1884;286;302;6.55
13166;LupInf;CCS-;2;1;31/05/2016;J18;25;15;NA;NA;NA;NA;NA;NA;NA;NA;NA;NA;NA;NA;;24;1884;286;302;6.55
13166;LupInf;CCS-;2;1;03/06/2016;J21;23;30;1777;257;290;4188;8.39;135;NA;NA;NA;NA;NA;NA;;24;1884;286;302;6.55
13166;LupInf;CCS-;2;1;06/06/2016;J24;23;30;NA;NA;NA;NA;NA;NA;NA;NA;NA;NA;NA;NA;;24;1884;286;302;6.55
13166;LupInf;CCS-;2;1;13/06/2016;J31;21;555;2116;318;295;1102;6.46;145;839;16/06/2016;1627;B;682;18;1;24;1884;286;302;6.55
13166;LupInf;CCS-;2;2;01/07/2016;J0;23;0;1973;247;296;1288;6.69;164;;;;;;NA;;23;1973;247;296;6.69
13166;LupInf;CCS-;2;2;15/07/2016;J14;27;NA;1724;281;303;1690;7.08;178;;;;;;NA;;23;1973;247;296;6.69
13166;LupInf;CCS-;2;2;19/07/2016;J18;24;0;NA;NA;NA;NA;NA;NA;;;;;;NA;;23;1973;247;296;6.69
13166;LupInf;CCS-;2;2;22/07/2016;J21;22;30;1849;227;301;808;6.01;185;;;;;;NA;;23;1973;247;296;6.69
13166;LupInf;CCS-;2;2;25/07/2016;J24;23;180;NA;NA;NA;NA;NA;NA;;;;;;NA;;23;1973;247;296;6.69
13166;LupInf;CCS-;2;2;01/08/2016;J31;28;1400;1688;252;293;1113;6.48;195;;;;;;21;1;23;1973;247;296;6.69
13206;LupInf;CCS+;3;1;13/05/2016;J0;23;0;1973;316;327;140;3.49;114;554;16/06/2016;1627;B;554;NA;;23;1973;316;327;3.49
13206;LupInf;CCS+;3;1;27/05/2016;J14;23;NA;1599;305;307;289;4.53;128;594;16/06/2016;1627;B;554;NA;;23;1973;316;327;3.49
13206;LupInf;CCS+;3;1;31/05/2016;J18;22;0;NA;NA;NA;NA;NA;NA;NA;NA;NA;NA;NA;NA;;23;1973;316;327;3.49
13206;LupInf;CCS+;3;1;03/06/2016;J21;22;30;1546;287;315;758;5.92;135;NA;NA;NA;NA;NA;NA;;23;1973;316;327;3.49
13206;LupInf;CCS+;3;1;06/06/2016;J24;20;150;NA;NA;NA;NA;NA;NA;NA;NA;NA;NA;NA;NA;;23;1973;316;327;3.49
13206;LupInf;CCS+;3;1;13/06/2016;J31;18;645;1564;289;307;1080;6.43;145;578;16/06/2016;1627;C;554;21;1;23;1973;316;327;3.49
13206;LupInf;CCS+;3;2;01/07/2016;J0;22;0;1653;251;327;681;5.77;164;;;;;;NA;;22;1653;251;327;5.77
13206;LupInf;CCS+;3;2;15/07/2016;J14;26;NA;1670;231;336;906;6.18;178;;;;;;NA;;22;1653;251;327;5.77
13206;LupInf;CCS+;3;2;19/07/2016;J18;25;0;NA;NA;NA;NA;NA;NA;;;;;;NA;;22;1653;251;327;5.77
13206;LupInf;CCS+;3;2;22/07/2016;J21;24;30;1528;221;318;572;5.52;185;;;;;;NA;;22;1653;251;327;5.77
13206;LupInf;CCS+;3;2;25/07/2016;J24;23;165;NA;NA;NA;NA;NA;NA;;;;;;NA;;22;1653;251;327;5.77
13206;LupInf;CCS+;3;2;01/08/2016;J31;25;960;1350;250;324;800;6;195;;;;;;21;1;22;1653;251;327;5.77
13234;ConcInf;CCS-;3;1;13/05/2016;J0;28;0;1973;293;315;67;2.42;114;1147;16/06/2016;1627;C;1147;NA;;28;1973;293;315;2.42
13234;ConcInf;CCS-;3;1;27/05/2016;J14;31;NA;1991;305;312;55;2.14;128;1627;16/06/2016;1627;C;1147;NA;;28;1973;293;315;2.42
13234;ConcInf;CCS-;3;1;31/05/2016;J18;29;0;NA;NA;NA;NA;NA;NA;NA;NA;NA;NA;NA;NA;;28;1973;293;315;2.42
13234;ConcInf;CCS-;3;1;03/06/2016;J21;28;0;1777;313;310;71;2.51;135;NA;NA;NA;NA;NA;NA;;28;1973;293;315;2.42
13234;ConcInf;CCS-;3;1;06/06/2016;J24;25;15;NA;NA;NA;NA;NA;NA;NA;NA;NA;NA;NA;NA;;28;1973;293;315;2.42
13234;ConcInf;CCS-;3;1;13/06/2016;J31;25;300;1920;323;301;210;4.07;145;1597;16/06/2016;1627;C;1147;24;1;28;1973;293;315;2.42
13234;ConcInf;CCS-;3;2;01/07/2016;J0;27;0;1724;281;313;102;3.03;164;;;;;;NA;;27;1724;281;313;3.03
13234;ConcInf;CCS-;3;2;15/07/2016;J14;30;NA;1724;289;310;145;3.54;178;;;;;;NA;;27;1724;281;313;3.03
13234;ConcInf;CCS-;3;2;19/07/2016;J18;29;0;NA;NA;NA;NA;NA;NA;;;;;;NA;;27;1724;281;313;3.03
13234;ConcInf;CCS-;3;2;22/07/2016;J21;29;0;1973;237;303;34;1.44;185;;;;;;NA;;27;1724;281;313;3.03
13234;ConcInf;CCS-;3;2;25/07/2016;J24;29;0;NA;NA;NA;NA;NA;NA;;;;;;NA;;27;1724;281;313;3.03
13234;ConcInf;CCS-;3;2;01/08/2016;J31;29;615;1991;250;307;118;3.24;195;;;;;;31;1;27;1724;281;313;3.03
13235;LupNInf;CCS-;2;1;13/05/2016;J0;25;0;1920;268;253;343;4.78;127;1041;16/06/2016;1627;C;1041;NA;;25;1920;268;253;4.78
13235;LupNInf;CCS-;2;1;27/05/2016;J14;24;NA;1670;229;276;64;2.36;141;1265;16/06/2016;1627;C;1041;NA;;25;1920;268;253;4.78
13235;LupNInf;CCS-;2;1;31/05/2016;J18;27;0;NA;NA;NA;NA;NA;NA;NA;NA;NA;NA;NA;NA;;25;1920;268;253;4.78
13235;LupNInf;CCS-;2;1;03/06/2016;J21;23;0;1653;224;264;69;2.46;148;NA;NA;NA;NA;NA;NA;;25;1920;268;253;4.78
13235;LupNInf;CCS-;2;1;06/06/2016;J24;26;0;NA;NA;NA;NA;NA;NA;NA;NA;NA;NA;NA;NA;;25;1920;268;253;4.78
13235;LupNInf;CCS-;2;1;13/06/2016;J31;23;0;1777;198;272;56;2.16;158;1156;16/06/2016;1627;C;1041;NA;;25;1920;268;253;4.78
13235;LupNInf;CCS-;2;2;01/07/2016;J0;24;0;1920;213;286;63;2.33;177;;;;;;NA;;24;1920;213;286;2.33
13235;LupNInf;CCS-;2;2;15/07/2016;J14;29;NA;1653;206;277;125;3.32;191;;;;;;NA;;24;1920;213;286;2.33
13235;LupNInf;CCS-;2;2;19/07/2016;J18;26;0;NA;NA;NA;NA;NA;NA;;;;;;NA;;24;1920;213;286;2.33
13235;LupNInf;CCS-;2;2;22/07/2016;J21;27;0;1760;187;264;38;1.6;198;;;;;;NA;;24;1920;213;286;2.33
13235;LupNInf;CCS-;2;2;25/07/2016;J24;30;0;NA;NA;NA;NA;NA;NA;;;;;;NA;;24;1920;213;286;2.33
13235;LupNInf;CCS-;2;2;01/08/2016;J31;33;0;1724;182;281;108;3.11;208;;;;;;NA;;24;1920;213;286;2.33
13245;LupNInf;CCS-;2;1;13/05/2016;J0;28;0;1795;306;299;125;3.32;131;1760;16/06/2016;1627;C;1760;NA;;28;1795;306;299;3.32
13245;LupNInf;CCS-;2;1;27/05/2016;J14;26;NA;1599;301;307;108;3.11;145;1367;16/06/2016;1627;C;1760;NA;;28;1795;306;299;3.32
13245;LupNInf;CCS-;2;1;31/05/2016;J18;28;0;NA;NA;NA;NA;NA;NA;NA;NA;NA;NA;NA;NA;;28;1795;306;299;3.32
13245;LupNInf;CCS-;2;1;03/06/2016;J21;27;0;1564;253;293;98;2.97;152;NA;NA;NA;NA;NA;NA;;28;1795;306;299;3.32
13245;LupNInf;CCS-;2;1;06/06/2016;J24;27;0;NA;NA;NA;NA;NA;NA;NA;NA;NA;NA;NA;NA;;28;1795;306;299;3.32
13245;LupNInf;CCS-;2;1;13/06/2016;J31;25;0;1688;233;313;104;3.06;162;818;16/06/2016;1627;C;1760;NA;;28;1795;306;299;3.32
13245;LupNInf;CCS-;2;2;01/07/2016;J0;26;0;1795;276;315;69;2.46;181;;;;;;NA;;26;1795;276;315;2.46
13245;LupNInf;CCS-;2;2;15/07/2016;J14;30;NA;1492;263;305;192;3.94;195;;;;;;NA;;26;1795;276;315;2.46
13245;LupNInf;CCS-;2;2;19/07/2016;J18;27;0;NA;NA;NA;NA;NA;NA;;;;;;NA;;26;1795;276;315;2.46
13245;LupNInf;CCS-;2;2;22/07/2016;J21;26;0;1653;262;304;56;2.16;202;;;;;;NA;;26;1795;276;315;2.46
13245;LupNInf;CCS-;2;2;25/07/2016;J24;30;0;NA;NA;NA;NA;NA;NA;;;;;;NA;;26;1795;276;315;2.46
13245;LupNInf;CCS-;2;2;01/08/2016;J31;30;0;1546;257;311;190;3.93;212;;;;;;NA;;26;1795;276;315;2.46
13247;LupInf;CCS+;2;1;13/05/2016;J0;24;0;2062;238;291;247;4.3;129;844;16/06/2016;1627;C;844;NA;;24;2062;238;291;4.3
13247;LupInf;CCS+;2;1;27/05/2016;J14;21;NA;1866;241;279;299;4.58;143;940;16/06/2016;1627;C;844;NA;;24;2062;238;291;4.3
13247;LupInf;CCS+;2;1;31/05/2016;J18;22;0;NA;NA;NA;NA;NA;NA;NA;NA;NA;NA;NA;NA;;24;2062;238;291;4.3
13247;LupInf;CCS+;2;1;03/06/2016;J21;21;75;1973;179;279;317;4.66;150;NA;NA;NA;NA;NA;NA;;24;2062;238;291;4.3
13247;LupInf;CCS+;2;1;06/06/2016;J24;21;120;NA;NA;NA;NA;NA;NA;NA;NA;NA;NA;NA;NA;;24;2062;238;291;4.3
13247;LupInf;CCS+;2;1;13/06/2016;J31;19;510;2222;187;288;461;5.2;160;1231;16/06/2016;1627;C;844;21;1;24;2062;238;291;4.3
13247;LupInf;CCS+;2;2;01/07/2016;J0;24;0;2489;273;291;558;5.48;179;;;;;;NA;;24;2489;273;291;5.48
13247;LupInf;CCS+;2;2;15/07/2016;J14;27;NA;2044;181;290;274;4.45;193;;;;;;NA;;24;2489;273;291;5.48
13247;LupInf;CCS+;2;2;19/07/2016;J18;24;0;NA;NA;NA;NA;NA;NA;;;;;;NA;;24;2489;273;291;5.48
13247;LupInf;CCS+;2;2;22/07/2016;J21;23;0;1795;194;287;632;5.66;200;;;;;;NA;;24;2489;273;291;5.48
13247;LupInf;CCS+;2;2;25/07/2016;J24;23;90;NA;NA;NA;NA;NA;NA;;;;;;NA;;24;2489;273;291;5.48
13247;LupInf;CCS+;2;2;01/08/2016;J31;27;690;1813;190;294;863;6.11;210;;;;;;24;1;24;2489;273;291;5.48
13248;ConcInf;CCS+;2;1;13/05/2016;J0;26;0;2222;257;303;196;3.97;122;866;16/06/2016;1627;C;866;NA;;26;2222;257;303;3.97
13248;ConcInf;CCS+;2;1;27/05/2016;J14;24;NA;1849;294;297;714;5.84;136;1268;16/06/2016;1627;C;866;NA;;26;2222;257;303;3.97
13248;ConcInf;CCS+;2;1;31/05/2016;J18;20;0;NA;NA;NA;NA;NA;NA;NA;NA;NA;NA;NA;NA;;26;2222;257;303;3.97
13248;ConcInf;CCS+;2;1;03/06/2016;J21;18;60;1973;247;287;185;3.89;143;NA;NA;NA;NA;NA;NA;;26;2222;257;303;3.97
13248;ConcInf;CCS+;2;1;06/06/2016;J24;18;315;NA;NA;NA;NA;NA;NA;NA;NA;NA;NA;NA;NA;;26;2222;257;303;3.97
13248;ConcInf;CCS+;2;1;13/06/2016;J31;18;615;1991;325;282;1688;7.08;153;1126;16/06/2016;1627;C;866;21;1;26;2222;257;303;3.97
13248;ConcInf;CCS+;2;2;01/07/2016;J0;25;0;1920;240;291;302;4.59;172;;;;;;NA;;25;1920;240;291;4.59
13248;ConcInf;CCS+;2;2;15/07/2016;J14;29;NA;1653;236;298;974;6.28;186;;;;;;NA;;25;1920;240;291;4.59
13248;ConcInf;CCS+;2;2;19/07/2016;J18;26;0;NA;NA;NA;NA;NA;NA;;;;;;NA;;25;1920;240;291;4.59
13248;ConcInf;CCS+;2;2;22/07/2016;J21;24;15;1831;179;292;283;4.5;193;;;;;;NA;;25;1920;240;291;4.59
13248;ConcInf;CCS+;2;2;25/07/2016;J24;25;495;NA;NA;NA;NA;NA;NA;;;;;;NA;;25;1920;240;291;4.59
13248;ConcInf;CCS+;2;2;01/08/2016;J31;24;2750;1653;235;288;846;6.08;203;;;;;;21;1;25;1920;240;291;4.59
13254;LupNInf;CCS-;2;1;13/05/2016;J0;33;0;958;223;361;2509;7.65;128;204;23/06/2016;1357;E;204;NA;;33;958;223;361;7.65
13254;LupNInf;CCS-;2;1;27/05/2016;J14;32;NA;941;287;349;2712;7.76;142;329;23/06/2016;1357;E;204;NA;;33;958;223;361;7.65
13254;LupNInf;CCS-;2;1;31/05/2016;J18;32;0;NA;NA;NA;NA;NA;NA;NA;NA;NA;NA;NA;NA;;33;958;223;361;7.65
13254;LupNInf;CCS-;2;1;03/06/2016;J21;32;0;1030;251;340;1444;6.85;149;NA;NA;NA;NA;NA;NA;;33;958;223;361;7.65
13254;LupNInf;CCS-;2;1;06/06/2016;J24;31;0;NA;NA;NA;NA;NA;NA;NA;NA;NA;NA;NA;NA;;33;958;223;361;7.65
13254;LupNInf;CCS-;2;1;13/06/2016;J31;28;0;1154;317;330;3502;8.13;159;237;23/06/2016;1357;E;204;NA;;33;958;223;361;7.65
13254;LupNInf;CCS-;2;2;01/07/2016;J0;29;0;1065;249;343;2941;7.88;178;;;;;;NA;;29;1065;249;343;7.88
13254;LupNInf;CCS-;2;2;15/07/2016;J14;33;NA;1012;263;344;4671;8.55;192;;;;;;NA;;29;1065;249;343;7.88
13254;LupNInf;CCS-;2;2;19/07/2016;J18;30;15;NA;NA;NA;NA;NA;NA;;;;;;NA;;29;1065;249;343;7.88
13254;LupNInf;CCS-;2;2;22/07/2016;J21;31;0;1030;185;336;1082;6.44;199;;;;;;NA;;29;1065;249;343;7.88
13254;LupNInf;CCS-;2;2;25/07/2016;J24;32;0;NA;NA;NA;NA;NA;NA;;;;;;NA;;29;1065;249;343;7.88
13254;LupNInf;CCS-;2;2;01/08/2016;J31;34;0;1030;222;344;4046;8.34;209;;;;;;NA;;29;1065;249;343;7.88
13510;ConcNInf;CCS+;3;1;13/05/2016;J0;25;0;2489;267;280;339;4.76;122;464;16/06/2016;1627;C;464;NA;;25;2489;267;280;4.76
13510;ConcNInf;CCS+;3;1;27/05/2016;J14;26;NA;2222;245;276;324;4.7;136;337;16/06/2016;1627;C;464;NA;;25;2489;267;280;4.76
13510;ConcNInf;CCS+;3;1;31/05/2016;J18;28;0;NA;NA;NA;NA;NA;NA;NA;NA;NA;NA;NA;NA;;25;2489;267;280;4.76
13510;ConcNInf;CCS+;3;1;03/06/2016;J21;27;0;1546;262;249;2374;7.57;143;NA;NA;NA;NA;NA;NA;;25;2489;267;280;4.76
13510;ConcNInf;CCS+;3;1;06/06/2016;J24;28;0;NA;NA;NA;NA;NA;NA;NA;NA;NA;NA;NA;NA;;25;2489;267;280;4.76
13510;ConcNInf;CCS+;3;1;13/06/2016;J31;24;0;1973;258;290;1372;6.78;153;954;16/06/2016;1627;C;464;NA;;25;2489;267;280;4.76
13510;ConcNInf;CCS+;3;2;01/07/2016;J0;23;0;2044;253;288;353;4.82;172;;;;;;NA;;23;2044;253;288;4.82
13510;ConcNInf;CCS+;3;2;15/07/2016;J14;28;NA;1849;230;271;517;5.37;186;;;;;;NA;;23;2044;253;288;4.82
13510;ConcNInf;CCS+;3;2;19/07/2016;J18;26;0;NA;NA;NA;NA;NA;NA;;;;;;NA;;23;2044;253;288;4.82
13510;ConcNInf;CCS+;3;2;22/07/2016;J21;26;0;1920;192;264;84;2.75;193;;;;;;NA;;23;2044;253;288;4.82
13510;ConcNInf;CCS+;3;2;25/07/2016;J24;27;0;NA;NA;NA;NA;NA;NA;;;;;;NA;;23;2044;253;288;4.82
13510;ConcNInf;CCS+;3;2;01/08/2016;J31;26;0;1920;300;282;858;6.1;203;;;;;;NA;;23;2044;253;288;4.82
14027;ConcNInf;CCS-;1;1;13/05/2016;J0;29;0;1920;290;327;1471;6.88;128;691;16/06/2016;1627;C;691;NA;;29;1920;290;327;6.88
14027;ConcNInf;CCS-;1;1;27/05/2016;J14;28;NA;2044;263;327;1807;7.18;142;811;16/06/2016;1627;C;691;NA;;29;1920;290;327;6.88
14027;ConcNInf;CCS-;1;1;31/05/2016;J18;28;0;NA;NA;NA;NA;NA;NA;NA;NA;NA;NA;NA;NA;;29;1920;290;327;6.88
14027;ConcNInf;CCS-;1;1;03/06/2016;J21;28;0;1742;265;342;910;6.19;149;NA;NA;NA;NA;NA;NA;;29;1920;290;327;6.88
14027;ConcNInf;CCS-;1;1;06/06/2016;J24;29;0;NA;NA;NA;NA;NA;NA;NA;NA;NA;NA;NA;NA;;29;1920;290;327;6.88
14027;ConcNInf;CCS-;1;1;13/06/2016;J31;28;0;1546;275;334;2017;7.33;159;748;16/06/2016;1627;C;691;NA;;29;1920;290;327;6.88
14027;ConcNInf;CCS-;1;2;01/07/2016;J0;25;0;1849;230;358;1488;6.9;178;;;;;;NA;;25;1849;230;358;6.9
14027;ConcNInf;CCS-;1;2;15/07/2016;J14;30;NA;1795;297;354;3352;8.07;192;;;;;;NA;;25;1849;230;358;6.9
14027;ConcNInf;CCS-;1;2;19/07/2016;J18;29;0;NA;NA;NA;NA;NA;NA;;;;;;NA;;25;1849;230;358;6.9
14027;ConcNInf;CCS-;1;2;22/07/2016;J21;29;0;1849;265;341;3021;7.916954279;199;;;;;;NA;;25;1849;230;358;6.9
14027;ConcNInf;CCS-;1;2;25/07/2016;J24;28;0;NA;NA;NA;NA;NA;NA;;;;;;NA;;25;1849;230;358;6.9
14027;ConcNInf;CCS-;1;2;01/08/2016;J31;28;0;1777;368;340;2049;7.36;209;;;;;;NA;;25;1849;230;358;6.9
14042;LupNInf;CCS+;1;1;13/05/2016;J0;37;0;1991;312;288;162;3.7;125;1010;23/06/2016;1357;E;1010;NA;;37;1991;312;288;3.7
14042;LupNInf;CCS+;1;1;27/05/2016;J14;31;NA;1849;242;295;816;6.03;139;1091;23/06/2016;1357;E;1010;NA;;37;1991;312;288;3.7
14042;LupNInf;CCS+;1;1;31/05/2016;J18;34;0;NA;NA;NA;NA;NA;NA;NA;NA;NA;NA;NA;NA;;37;1991;312;288;3.7
14042;LupNInf;CCS+;1;1;03/06/2016;J21;32;15;2009;242;287;229;4.2;146;NA;NA;NA;NA;NA;NA;;37;1991;312;288;3.7
14042;LupNInf;CCS+;1;1;06/06/2016;J24;31;0;NA;NA;NA;NA;NA;NA;NA;NA;NA;NA;NA;NA;;37;1991;312;288;3.7
14042;LupNInf;CCS+;1;1;13/06/2016;J31;32;0;1777;247;279;107;3.1;156;1031;23/06/2016;1357;E;1010;NA;;37;1991;312;288;3.7
14042;LupNInf;CCS+;1;2;01/07/2016;J0;30;0;1777;278;300;11;-0.18;175;;;;;;NA;;30;1777;278;300;-0.18
14042;LupNInf;CCS+;1;2;15/07/2016;J14;35;NA;1599;272;293;259;4.37;189;;;;;;NA;;30;1777;278;300;-0.18
14042;LupNInf;CCS+;1;2;19/07/2016;J18;33;0;NA;NA;NA;NA;NA;NA;;;;;;NA;;30;1777;278;300;-0.18
14042;LupNInf;CCS+;1;2;22/07/2016;J21;32;0;1920;191;295;11;-0.18;196;;;;;;NA;;30;1777;278;300;-0.18
14042;LupNInf;CCS+;1;2;25/07/2016;J24;34;0;NA;NA;NA;NA;NA;NA;;;;;;NA;;30;1777;278;300;-0.18
14042;LupNInf;CCS+;1;2;01/08/2016;J31;36;0;1920;212;312;1248;6.64;206;;;;;;NA;;30;1777;278;300;-0.18
14075;LupNInf;CCS+;2;1;13/05/2016;J0;26;0;1973;260;281;159;3.67;87;752;23/06/2016;1357;F;752;NA;;26;1973;260;281;3.67
14075;LupNInf;CCS+;2;1;27/05/2016;J14;27;NA;1724;240;288;40;1.68;101;882;23/06/2016;1357;F;752;NA;;26;1973;260;281;3.67
14075;LupNInf;CCS+;2;1;31/05/2016;J18;31;0;NA;NA;NA;NA;NA;NA;NA;NA;NA;NA;NA;NA;;26;1973;260;281;3.67
14075;LupNInf;CCS+;2;1;03/06/2016;J21;29;0;1849;201;281;30;1.26;108;NA;NA;NA;NA;NA;NA;;26;1973;260;281;3.67
14075;LupNInf;CCS+;2;1;06/06/2016;J24;30;0;NA;NA;NA;NA;NA;NA;NA;NA;NA;NA;NA;NA;;26;1973;260;281;3.67
14075;LupNInf;CCS+;2;1;13/06/2016;J31;27;0;1920;224;298;56;2.16;118;754;23/06/2016;1357;F;752;NA;;26;1973;260;281;3.67
14075;LupNInf;CCS+;2;2;01/07/2016;J0;26;0;2222;190;296;40;1.68;137;;;;;;NA;;26;2222;190;296;1.68
14075;LupNInf;CCS+;2;2;15/07/2016;J14;32;NA;1724;207;277;225;4.17;151;;;;;;NA;;26;2222;190;296;1.68
14075;LupNInf;CCS+;2;2;19/07/2016;J18;24;0;NA;NA;NA;NA;NA;NA;;;;;;NA;;26;2222;190;296;1.68
14075;LupNInf;CCS+;2;2;22/07/2016;J21;28;0;1813;163;292;44;1.82;158;;;;;;NA;;26;2222;190;296;1.68
14075;LupNInf;CCS+;2;2;25/07/2016;J24;30;0;NA;NA;NA;NA;NA;NA;;;;;;NA;;26;2222;190;296;1.68
14075;LupNInf;CCS+;2;2;01/08/2016;J31;30;0;1777;152;312;214;4.1;168;;;;;;NA;;26;2222;190;296;1.68
14091;ConcNInf;CCS-;2;1;13/05/2016;J0;32;0;1653;245;325;765;5.94;125;994;16/06/2016;1627;D;994;NA;;32;1653;245;325;5.94
14091;ConcNInf;CCS-;2;1;27/05/2016;J14;35;NA;1475;269;300;1065;6.41;139;1090;16/06/2016;1627;D;994;NA;;32;1653;245;325;5.94
14091;ConcNInf;CCS-;2;1;31/05/2016;J18;36;0;NA;NA;NA;NA;NA;NA;NA;NA;NA;NA;NA;NA;;32;1653;245;325;5.94
14091;ConcNInf;CCS-;2;1;03/06/2016;J21;32;0;1546;232;294;1455;6.86;146;NA;NA;NA;NA;NA;NA;;32;1653;245;325;5.94
14091;ConcNInf;CCS-;2;1;06/06/2016;J24;36;0;NA;NA;NA;NA;NA;NA;NA;NA;NA;NA;NA;NA;;32;1653;245;325;5.94
14091;ConcNInf;CCS-;2;1;13/06/2016;J31;33;0;1510;237;306;910;6.19;156;1167;16/06/2016;1627;D;994;NA;;32;1653;245;325;5.94
14091;ConcNInf;CCS-;2;2;01/07/2016;J0;27;0;1599;250;298;917;6.2;175;;;;;;NA;;27;1599;250;298;6.2
14091;ConcNInf;CCS-;2;2;15/07/2016;J14;32;NA;1546;238;301;1229;6.62;189;;;;;;NA;;27;1599;250;298;6.2
14091;ConcNInf;CCS-;2;2;19/07/2016;J18;31;0;NA;NA;NA;NA;NA;NA;;;;;;NA;;27;1599;250;298;6.2
14091;ConcNInf;CCS-;2;2;22/07/2016;J21;30;0;1599;185;299;332;4.73;196;;;;;;NA;;27;1599;250;298;6.2
14091;ConcNInf;CCS-;2;2;25/07/2016;J24;29;0;NA;NA;NA;NA;NA;NA;;;;;;NA;;27;1599;250;298;6.2
14091;ConcNInf;CCS-;2;2;01/08/2016;J31;27;0;1724;215;305;1104;6.46;206;;;;;;NA;;27;1599;250;298;6.2
14105;ConcNInf;CCS+;2;1;13/05/2016;J0;25;0;1920;226;323;479;5.26;122;653;23/06/2016;1357;E;653;NA;;25;1920;226;323;5.26
14105;ConcNInf;CCS+;2;1;27/05/2016;J14;26;NA;1938;240;320;436;5.12;136;603;23/06/2016;1357;E;653;NA;;25;1920;226;323;5.26
14105;ConcNInf;CCS+;2;1;31/05/2016;J18;28;0;NA;NA;NA;NA;NA;NA;NA;NA;NA;NA;NA;NA;;25;1920;226;323;5.26
14105;ConcNInf;CCS+;2;1;03/06/2016;J21;27;0;1653;243;323;327;4.71;143;NA;NA;NA;NA;NA;NA;;25;1920;226;323;5.26
14105;ConcNInf;CCS+;2;1;06/06/2016;J24;28;0;NA;NA;NA;NA;NA;NA;NA;NA;NA;NA;NA;NA;;25;1920;226;323;5.26
14105;ConcNInf;CCS+;2;1;13/06/2016;J31;26;0;1457;275;331;3131;7.97;153;830;23/06/2016;1357;E;653;NA;;25;1920;226;323;5.26
14105;ConcNInf;CCS+;2;2;01/07/2016;J0;27;0;1795;208;325;297;4.57;172;;;;;;NA;;27;1795;208;325;4.57
14105;ConcNInf;CCS+;2;2;15/07/2016;J14;29;NA;1599;221;313;1234;6.63;186;;;;;;NA;;27;1795;208;325;4.57
14105;ConcNInf;CCS+;2;2;19/07/2016;J18;28;0;NA;NA;NA;NA;NA;NA;;;;;;NA;;27;1795;208;325;4.57
14105;ConcNInf;CCS+;2;2;22/07/2016;J21;29;0;1653;210;320;578;5.53;193;;;;;;NA;;27;1795;208;325;4.57
14105;ConcNInf;CCS+;2;2;25/07/2016;J24;30;0;NA;NA;NA;NA;NA;NA;;;;;;NA;;27;1795;208;325;4.57
14105;ConcNInf;CCS+;2;2;01/08/2016;J31;29;0;1546;292;327;1649;7.04;203;;;;;;NA;;27;1795;208;325;4.57
14152;ConcInf;CCS-;2;1;13/05/2016;J0;27;0;1546;267;295;91;2.86;122;1198;23/06/2016;1357;E;1198;NA;;27;1546;267;295;2.86
14152;ConcInf;CCS-;2;1;27/05/2016;J14;22;NA;1279;319;305;185;3.89;136;1261;23/06/2016;1357;E;1198;NA;;27;1546;267;295;2.86
14152;ConcInf;CCS-;2;1;31/05/2016;J18;25;0;NA;NA;NA;NA;NA;NA;NA;NA;NA;NA;NA;NA;;27;1546;267;295;2.86
14152;ConcInf;CCS-;2;1;03/06/2016;J21;26;0;1225;334;307;263;4.4;143;NA;NA;NA;NA;NA;NA;;27;1546;267;295;2.86
14152;ConcInf;CCS-;2;1;06/06/2016;J24;24;0;NA;NA;NA;NA;NA;NA;NA;NA;NA;NA;NA;NA;;27;1546;267;295;2.86
14152;ConcInf;CCS-;2;1;13/06/2016;J31;23;2205;1208;382;308;731;5.87;153;1656;23/06/2016;1357;E;1198;31;1;27;1546;267;295;2.86
14152;ConcInf;CCS-;2;2;01/07/2016;J0;24;0;1225;261;331;205;4.04;172;;;;;;NA;;24;1225;261;331;4.04
14152;ConcInf;CCS-;2;2;15/07/2016;J14;28;NA;1297;239;331;436;5.12;186;;;;;;NA;;24;1225;261;331;4.04
14152;ConcInf;CCS-;2;2;19/07/2016;J18;27;0;NA;NA;NA;NA;NA;NA;;;;;;NA;;24;1225;261;331;4.04
14152;ConcInf;CCS-;2;2;22/07/2016;J21;26;0;1350;262;340;64;2.36;193;;;;;;NA;;24;1225;261;331;4.04
14152;ConcInf;CCS-;2;2;25/07/2016;J24;27;15;NA;NA;NA;NA;NA;NA;;;;;;NA;;24;1225;261;331;4.04
14152;ConcInf;CCS-;2;2;01/08/2016;J31;25;315;1190;337;330;570;5.51;203;;;;;;24;1;24;1225;261;331;4.04
14163;LupInf;CCS+;1;1;13/05/2016;J0;29;0;1653;288;334;1038;6.38;74;722;16/06/2016;1627;C;722;NA;;29;1653;288;334;6.38
14163;LupInf;CCS+;1;1;27/05/2016;J14;26;NA;1421;326;334;1326;6.73;88;1113;16/06/2016;1627;C;722;NA;;29;1653;288;334;6.38
14163;LupInf;CCS+;1;1;31/05/2016;J18;26;0;NA;NA;NA;NA;NA;NA;NA;NA;NA;NA;NA;NA;;29;1653;288;334;6.38
14163;LupInf;CCS+;1;1;03/06/2016;J21;26;75;1225;225;354;1210;6.6;95;NA;NA;NA;NA;NA;NA;;29;1653;288;334;6.38
14163;LupInf;CCS+;1;1;06/06/2016;J24;26;90;NA;NA;NA;NA;NA;NA;NA;NA;NA;NA;NA;NA;;29;1653;288;334;6.38
14163;LupInf;CCS+;1;1;13/06/2016;J31;21;540;1368;258;329;956;6.26;105;770;16/06/2016;1627;D;722;21;1;29;1653;288;334;6.38
14163;LupInf;CCS+;1;2;01/07/2016;J0;23;0;1457;220;348;840;6.07;124;;;;;;NA;;23;1457;220;348;6.07
14163;LupInf;CCS+;1;2;15/07/2016;J14;26;NA;1154;259;351;1085;6.44;138;;;;;;NA;;23;1457;220;348;6.07
14163;LupInf;CCS+;1;2;19/07/2016;J18;24;0;NA;NA;NA;NA;NA;NA;;;;;;NA;;23;1457;220;348;6.07
14163;LupInf;CCS+;1;2;22/07/2016;J21;22;0;1350;238;346;409;5.03;145;;;;;;NA;;23;1457;220;348;6.07
14163;LupInf;CCS+;1;2;25/07/2016;J24;24;195;NA;NA;NA;NA;NA;NA;;;;;;NA;;23;1457;220;348;6.07
14163;LupInf;CCS+;1;2;01/08/2016;J31;26;1350;1279;251;358;933;6.22;155;;;;;;24;1;23;1457;220;348;6.07
14249;ConcInf;CCS-;1;1;13/05/2016;J0;32;15;2454;237;278;112;3.16;71;337;23/06/2016;1357;E;337;NA;;32;2454;237;278;3.16
14249;ConcInf;CCS-;1;1;27/05/2016;J14;31;NA;2863;203;269;174;3.8;85;1424;23/06/2016;1357;E;337;NA;;32;2454;237;278;3.16
14249;ConcInf;CCS-;1;1;31/05/2016;J18;31;0;NA;NA;NA;NA;NA;NA;NA;NA;NA;NA;NA;NA;;32;2454;237;278;3.16
14249;ConcInf;CCS-;1;1;03/06/2016;J21;30;135;2098;233;246;48;1.94;92;NA;NA;NA;NA;NA;NA;;32;2454;237;278;3.16
14249;ConcInf;CCS-;1;1;06/06/2016;J24;27;1410;NA;NA;NA;NA;NA;NA;NA;NA;NA;NA;NA;NA;;32;2454;237;278;3.16
14249;ConcInf;CCS-;1;1;13/06/2016;J31;22;585;2009;229;254;288;4.53;102;1726;23/06/2016;1357;E;337;21;1;32;2454;237;278;3.16
14249;ConcInf;CCS-;1;2;01/07/2016;J0;25;0;1849;213;251;196;3.97;121;;;;;;NA;;25;1849;213;251;3.97
14249;ConcInf;CCS-;1;2;15/07/2016;J14;30;NA;1849;213;260;310;4.63;135;;;;;;NA;;25;1849;213;251;3.97
14249;ConcInf;CCS-;1;2;19/07/2016;J18;26;0;NA;NA;NA;NA;NA;NA;;;;;;NA;;25;1849;213;251;3.97
14249;ConcInf;CCS-;1;2;22/07/2016;J21;26;15;2116;200;253;91;2.86;142;;;;;;NA;;25;1849;213;251;3.97
14249;ConcInf;CCS-;1;2;25/07/2016;J24;27;360;NA;NA;NA;NA;NA;NA;;;;;;NA;;25;1849;213;251;3.97
14249;ConcInf;CCS-;1;2;01/08/2016;J31;24;2050;1777;267;258;1555;6.96;152;;;;;;21;1;25;1849;213;251;3.97
14250;LupInf;CCS-;1;1;13/05/2016;J0;31;0;1920;275;288;48;1.94;104;438;23/06/2016;1357;E;438;NA;;31;1920;275;288;1.94
14250;LupInf;CCS-;1;1;27/05/2016;J14;28;NA;1831;282;277;29;1.21;118;650;23/06/2016;1357;E;438;NA;;31;1920;275;288;1.94
14250;LupInf;CCS-;1;1;31/05/2016;J18;26;0;NA;NA;NA;NA;NA;NA;NA;NA;NA;NA;NA;NA;;31;1920;275;288;1.94
14250;LupInf;CCS-;1;1;03/06/2016;J21;26;0;1920;263;268;43;1.78;125;NA;NA;NA;NA;NA;NA;;31;1920;275;288;1.94
14250;LupInf;CCS-;1;1;06/06/2016;J24;24;450;NA;NA;NA;NA;NA;NA;NA;NA;NA;NA;NA;NA;;31;1920;275;288;1.94
14250;LupInf;CCS-;1;1;13/06/2016;J31;20;675;1920;287;283;92;2.88;135;735;23/06/2016;1357;E;438;24;1;31;1920;275;288;1.94
14250;LupInf;CCS-;1;2;01/07/2016;J0;21;0;1777;282;336;100;3;154;;;;;;NA;;21;1777;282;336;3
14250;LupInf;CCS-;1;2;15/07/2016;J14;29;NA;1599;272;305;386;4.95;168;;;;;;NA;;21;1777;282;336;3
14250;LupInf;CCS-;1;2;19/07/2016;J18;25;0;NA;NA;NA;NA;NA;NA;;;;;;NA;;21;1777;282;336;3
14250;LupInf;CCS-;1;2;22/07/2016;J21;26;45;1866;225;292;44;1.82;175;;;;;;NA;;21;1777;282;336;3
14250;LupInf;CCS-;1;2;25/07/2016;J24;28;225;NA;NA;NA;NA;NA;NA;;;;;;NA;;21;1777;282;336;3
14250;LupInf;CCS-;1;2;01/08/2016;J31;28;2050;1670;231;304;2467;7.62;185;;;;;;21;1;21;1777;282;336;3
14504;LupNInf;CCS+;2;1;13/05/2016;J0;26;0;1688;302;319;2118;7.4;84;773;23/06/2016;1357;F;773;NA;;26;1688;302;319;7.4
14504;LupNInf;CCS+;2;1;27/05/2016;J14;25;NA;1599;268;310;752;5.91;98;781;23/06/2016;1357;F;773;NA;;26;1688;302;319;7.4
14504;LupNInf;CCS+;2;1;31/05/2016;J18;25;0;NA;NA;NA;NA;NA;NA;NA;NA;NA;NA;NA;NA;;26;1688;302;319;7.4
14504;LupNInf;CCS+;2;1;03/06/2016;J21;24;0;1653;245;318;244;4.29;105;NA;NA;NA;NA;NA;NA;;26;1688;302;319;7.4
14504;LupNInf;CCS+;2;1;06/06/2016;J24;25;0;NA;NA;NA;NA;NA;NA;NA;NA;NA;NA;NA;NA;;26;1688;302;319;7.4
14504;LupNInf;CCS+;2;1;13/06/2016;J31;24;0;1653;236;303;863;6.11;115;863;23/06/2016;1357;F;773;NA;;26;1688;302;319;7.4
14504;LupNInf;CCS+;2;2;01/07/2016;J0;23;0;2044;219;334;212;4.08;134;;;;;;NA;;23;2044;219;334;4.08
14504;LupNInf;CCS+;2;2;15/07/2016;J14;29;NA;1475;295;317;1120;6.49;148;;;;;;NA;;23;2044;219;334;4.08
14504;LupNInf;CCS+;2;2;19/07/2016;J18;25;0;NA;NA;NA;NA;NA;NA;;;;;;NA;;23;2044;219;334;4.08
14504;LupNInf;CCS+;2;2;22/07/2016;J21;28;0;1475;196;349;80;2.68;155;;;;;;NA;;23;2044;219;334;4.08
14504;LupNInf;CCS+;2;2;25/07/2016;J24;28;0;NA;NA;NA;NA;NA;NA;;;;;;NA;;23;2044;219;334;4.08
14504;LupNInf;CCS+;2;2;01/08/2016;J31;28;0;1813;197;325;1197;6.58;165;;;;;;NA;;23;2044;219;334;4.08
14506;LupNInf;CCS+;1;1;13/05/2016;J0;23;0;1653;291;267;4608;8.53;107;849;23/06/2016;1357;G;849;NA;;23;1653;291;267;8.53
14506;LupNInf;CCS+;1;1;27/05/2016;J14;24;NA;1724;283;293;972;6.28;121;654;23/06/2016;1357;G;849;NA;;23;1653;291;267;8.53
14506;LupNInf;CCS+;1;1;31/05/2016;J18;26;0;NA;NA;NA;NA;NA;NA;NA;NA;NA;NA;NA;NA;;23;1653;291;267;8.53
14506;LupNInf;CCS+;1;1;03/06/2016;J21;24;0;1475;262;278;1448;6.86;128;NA;NA;NA;NA;NA;NA;;23;1653;291;267;8.53
14506;LupNInf;CCS+;1;1;06/06/2016;J24;27;0;NA;NA;NA;NA;NA;NA;NA;NA;NA;NA;NA;NA;;23;1653;291;267;8.53
14506;LupNInf;CCS+;1;1;13/06/2016;J31;25;0;1813;269;291;1035;6.37;138;726;23/06/2016;1357;G;849;NA;;23;1653;291;267;8.53
14506;LupNInf;CCS+;1;2;01/07/2016;J0;25;0;1724;253;311;407;5.03;157;;;;;;NA;;25;1724;253;311;5.03
14506;LupNInf;CCS+;1;2;15/07/2016;J14;29;NA;1350;269;312;3006;7.91;171;;;;;;NA;;25;1724;253;311;5.03
14506;LupNInf;CCS+;1;2;19/07/2016;J18;26;0;NA;NA;NA;NA;NA;NA;;;;;;NA;;25;1724;253;311;5.03
14506;LupNInf;CCS+;1;2;22/07/2016;J21;26;0;1475;220;304;776;5.96;178;;;;;;NA;;25;1724;253;311;5.03
14506;LupNInf;CCS+;1;2;25/07/2016;J24;27;0;NA;NA;NA;NA;NA;NA;;;;;;NA;;25;1724;253;311;5.03
14506;LupNInf;CCS+;1;2;01/08/2016;J31;29;0;1742;243;325;2119;7.41;188;;;;;;NA;;25;1724;253;311;5.03
14513;ConcNInf;CCS+;2;1;13/05/2016;J0;32;0;1403;214;349;73;2.55;81;1309;23/06/2016;1357;F;1309;NA;;32;1403;214;349;2.55
14513;ConcNInf;CCS+;2;1;27/05/2016;J14;31;NA;1403;241;348;315;4.66;95;1267;23/06/2016;1357;F;1309;NA;;32;1403;214;349;2.55
14513;ConcNInf;CCS+;2;1;31/05/2016;J18;32;0;NA;NA;NA;NA;NA;NA;NA;NA;NA;NA;NA;NA;;32;1403;214;349;2.55
14513;ConcNInf;CCS+;2;1;03/06/2016;J21;29;0;1119;237;349;262;4.39;102;NA;NA;NA;NA;NA;NA;;32;1403;214;349;2.55
14513;ConcNInf;CCS+;2;1;06/06/2016;J24;30;0;NA;NA;NA;NA;NA;NA;NA;NA;NA;NA;NA;NA;;32;1403;214;349;2.55
14513;ConcNInf;CCS+;2;1;13/06/2016;J31;29;0;1101;214;366;1784;7.16;112;1297;23/06/2016;1357;F;1309;NA;;32;1403;214;349;2.55
14513;ConcNInf;CCS+;2;2;01/07/2016;J0;27;0;958;173;365;1536;6.94;131;;;;;;NA;;27;958;173;365;6.94
14513;ConcNInf;CCS+;2;2;15/07/2016;J14;30;NA;852;205;357;1128;6.5;145;;;;;;NA;;27;958;173;365;6.94
14513;ConcNInf;CCS+;2;2;19/07/2016;J18;31;0;NA;NA;NA;NA;NA;NA;;;;;;NA;;27;958;173;365;6.94
14513;ConcNInf;CCS+;2;2;22/07/2016;J21;31;0;905;190;357;16;0.36;152;;;;;;NA;;27;958;173;365;6.94
14513;ConcNInf;CCS+;2;2;25/07/2016;J24;31;0;NA;NA;NA;NA;NA;NA;;;;;;NA;;27;958;173;365;6.94
14513;ConcNInf;CCS+;2;2;01/08/2016;J31;30;0;1030;192;353;1348;6.75;162;;;;;;NA;;27;958;173;365;6.94
14522;ConcNInf;CCS-;2;1;13/05/2016;J0;27;0;2489;301;319;66;2.4;80;389;23/06/2016;1357;F;389;NA;;27;2489;301;319;2.4
14522;ConcNInf;CCS-;2;1;27/05/2016;J14;25;NA;2400;250;330;42;1.75;94;505;23/06/2016;1357;F;389;NA;;27;2489;301;319;2.4
14522;ConcNInf;CCS-;2;1;31/05/2016;J18;28;0;NA;NA;NA;NA;NA;NA;NA;NA;NA;NA;NA;NA;;27;2489;301;319;2.4
14522;ConcNInf;CCS-;2;1;03/06/2016;J21;26;0;2169;232;313;41;1.71;101;NA;NA;NA;NA;NA;NA;;27;2489;301;319;2.4
14522;ConcNInf;CCS-;2;1;06/06/2016;J24;24;0;NA;NA;NA;NA;NA;NA;NA;NA;NA;NA;NA;NA;;27;2489;301;319;2.4
14522;ConcNInf;CCS-;2;1;13/06/2016;J31;25;0;2044;236;322;360;4.85;111;987;23/06/2016;1357;F;389;NA;;27;2489;301;319;2.4
14522;ConcNInf;CCS-;2;2;01/07/2016;J0;23;0;2222;220;319;42;1.75;130;;;;;;NA;;23;2222;220;319;1.75
14522;ConcNInf;CCS-;2;2;15/07/2016;J14;28;NA;1920;236;334;135;3.43;144;;;;;;NA;;23;2222;220;319;1.75
14522;ConcNInf;CCS-;2;2;19/07/2016;J18;27;0;NA;NA;NA;NA;NA;NA;;;;;;NA;;23;2222;220;319;1.75
14522;ConcNInf;CCS-;2;2;22/07/2016;J21;26;0;1902;191;326;20;0.68;151;;;;;;NA;;23;2222;220;319;1.75
14522;ConcNInf;CCS-;2;2;25/07/2016;J24;27;0;NA;NA;NA;NA;NA;NA;;;;;;NA;;23;2222;220;319;1.75
14522;ConcNInf;CCS-;2;2;01/08/2016;J31;28;0;2258;295;328;115;3.2;161;;;;;;NA;;23;2222;220;319;1.75
14538;LupInf;CCS+;2;1;13/05/2016;J0;27;0;1653;233;324;16;0.36;71;882;23/06/2016;1357;E;882;NA;;27;1653;233;324;0.36
14538;LupInf;CCS+;2;1;27/05/2016;J14;24;NA;1279;230;340;706;5.82;85;1337;23/06/2016;1357;E;882;NA;;27;1653;233;324;0.36
14538;LupInf;CCS+;2;1;31/05/2016;J18;25;0;NA;NA;NA;NA;NA;NA;NA;NA;NA;NA;NA;NA;;27;1653;233;324;0.36
14538;LupInf;CCS+;2;1;03/06/2016;J21;25;0;1546;226;328;552;5.46;92;NA;NA;NA;NA;NA;NA;;27;1653;233;324;0.36
14538;LupInf;CCS+;2;1;06/06/2016;J24;24;285;NA;NA;NA;NA;NA;NA;NA;NA;NA;NA;NA;NA;;27;1653;233;324;0.36
14538;LupInf;CCS+;2;1;13/06/2016;J31;20;600;1475;200;345;1407;6.81;102;1196;23/06/2016;1357;F;882;24;1;27;1653;233;324;0.36
14538;LupInf;CCS+;2;2;01/07/2016;J0;23;0;1475;196;352;292;4.55;121;;;;;;NA;;23;1475;196;352;4.55
14538;LupInf;CCS+;2;2;15/07/2016;J14;28;NA;1279;212;365;820;6.04;135;;;;;;NA;;23;1475;196;352;4.55
14538;LupInf;CCS+;2;2;19/07/2016;J18;26;0;NA;NA;NA;NA;NA;NA;;;;;;NA;;23;1475;196;352;4.55
14538;LupInf;CCS+;2;2;22/07/2016;J21;24;0;1421;160;346;161;3.69;142;;;;;;NA;;23;1475;196;352;4.55
14538;LupInf;CCS+;2;2;25/07/2016;J24;25;45;NA;NA;NA;NA;NA;NA;;;;;;NA;;23;1475;196;352;4.55
14538;LupInf;CCS+;2;2;01/08/2016;J31;25;375;1475;215;363;1685;7.07;152;;;;;;24;1;23;1475;196;352;4.55
15027;ConcInf;CCS+;1;1;13/05/2016;J0;22;0;1475;263;312;124;3.31;109;925;23/06/2016;1357;F;925;NA;;22;1475;263;312;3.31
15027;ConcInf;CCS+;1;1;27/05/2016;J14;25;NA;1083;297;327;107;3.1;123;1017;23/06/2016;1357;F;925;NA;;22;1475;263;312;3.31
15027;ConcInf;CCS+;1;1;31/05/2016;J18;25;0;NA;NA;NA;NA;NA;NA;NA;NA;NA;NA;NA;NA;;22;1475;263;312;3.31
15027;ConcInf;CCS+;1;1;03/06/2016;J21;22;0;1119;265;324;415;5.05;130;NA;NA;NA;NA;NA;NA;;22;1475;263;312;3.31
15027;ConcInf;CCS+;1;1;06/06/2016;J24;20;75;NA;NA;NA;NA;NA;NA;NA;NA;NA;NA;NA;NA;;22;1475;263;312;3.31
15027;ConcInf;CCS+;1;1;13/06/2016;J31;20;165;958;294;315;4178;8.38;140;1924;23/06/2016;1357;F;925;24;1;22;1475;263;312;3.31
15027;ConcInf;CCS+;1;2;01/07/2016;J0;24;0;1030;252;324;993;6.31;159;;;;;;NA;;24;1030;252;324;6.31
15027;ConcInf;CCS+;1;2;15/07/2016;J14;27;NA;1030;267;328;1367;6.77;173;;;;;;NA;;24;1030;252;324;6.31
15027;ConcInf;CCS+;1;2;19/07/2016;J18;25;0;NA;NA;NA;NA;NA;NA;;;;;;NA;;24;1030;252;324;6.31
15027;ConcInf;CCS+;1;2;22/07/2016;J21;24;0;1279;186;337;159;3.67;180;;;;;;NA;;24;1030;252;324;6.31
15027;ConcInf;CCS+;1;2;25/07/2016;J24;25;0;NA;NA;NA;NA;NA;NA;;;;;;NA;;24;1030;252;324;6.31
15027;ConcInf;CCS+;1;2;01/08/2016;J31;23;1300;923;342;367;10760;9.75;190;;;;;;31;1;24;1030;252;324;6.31
15028;ConcNInf;CCS+;1;1;13/05/2016;J0;26;0;1368;282;377;107;3.1;86;1310;23/06/2016;1357;G;1310;NA;;26;1368;282;377;3.1
15028;ConcNInf;CCS+;1;1;27/05/2016;J14;25;NA;1279;248;376;838;6.07;100;1047;23/06/2016;1357;G;1310;NA;;26;1368;282;377;3.1
15028;ConcNInf;CCS+;1;1;31/05/2016;J18;26;0;NA;NA;NA;NA;NA;NA;NA;NA;NA;NA;NA;NA;;26;1368;282;377;3.1
15028;ConcNInf;CCS+;1;1;03/06/2016;J21;23;0;1297;275;360;599;5.58;107;NA;NA;NA;NA;NA;NA;;26;1368;282;377;3.1
15028;ConcNInf;CCS+;1;1;06/06/2016;J24;23;0;NA;NA;NA;NA;NA;NA;NA;NA;NA;NA;NA;NA;;26;1368;282;377;3.1
15028;ConcNInf;CCS+;1;1;13/06/2016;J31;23;0;1350;291;359;1962;7.29;117;1018;23/06/2016;1357;G;1310;NA;;26;1368;282;377;3.1
15028;ConcNInf;CCS+;1;2;01/07/2016;J0;22;0;1421;271;375;1325;6.73;136;;;;;;NA;;22;1421;271;375;6.73
15028;ConcNInf;CCS+;1;2;15/07/2016;J14;29;NA;1225;261;366;1291;6.69;150;;;;;;NA;;22;1421;271;375;6.73
15028;ConcNInf;CCS+;1;2;19/07/2016;J18;24;0;NA;NA;NA;NA;NA;NA;;;;;;NA;;22;1421;271;375;6.73
15028;ConcNInf;CCS+;1;2;22/07/2016;J21;25;0;1350;238;365;721;5.849999259;157;;;;;;NA;;22;1421;271;375;6.73
15028;ConcNInf;CCS+;1;2;25/07/2016;J24;25;0;NA;NA;NA;NA;NA;NA;;;;;;NA;;22;1421;271;375;6.73
15028;ConcNInf;CCS+;1;2;01/08/2016;J31;23;0;1599;236;371;1266;6.66;167;;;;;;NA;;22;1421;271;375;6.73
15030;LupInf;CCS+;1;1;13/05/2016;J0;24;0;1973;304;269;35;1.49;106;427;23/06/2016;1357;F;427;NA;;24;1973;304;269;1.49
15030;LupInf;CCS+;1;1;27/05/2016;J14;22;NA;1475;284;271;529;5.4;120;326;23/06/2016;1357;F;427;NA;;24;1973;304;269;1.49
15030;LupInf;CCS+;1;1;31/05/2016;J18;24;0;NA;NA;NA;NA;NA;NA;NA;NA;NA;NA;NA;NA;;24;1973;304;269;1.49
15030;LupInf;CCS+;1;1;03/06/2016;J21;22;0;1653;250;261;184;3.88;127;NA;NA;NA;NA;NA;NA;;24;1973;304;269;1.49
15030;LupInf;CCS+;1;1;06/06/2016;J24;22;0;NA;NA;NA;NA;NA;NA;NA;NA;NA;NA;NA;NA;;24;1973;304;269;1.49
15030;LupInf;CCS+;1;1;13/06/2016;J31;19;330;1777;312;273;442;5.14;137;389;23/06/2016;1357;F;427;21;1;24;1973;304;269;1.49
15030;LupInf;CCS+;1;2;01/07/2016;J0;23;0;1724;263;275;434;5.12;156;;;;;;NA;;23;1724;263;275;5.12
15030;LupInf;CCS+;1;2;15/07/2016;J14;27;NA;1350;260;287;984;6.3;170;;;;;;NA;;23;1724;263;275;5.12
15030;LupInf;CCS+;1;2;19/07/2016;J18;24;0;NA;NA;NA;NA;NA;NA;;;;;;NA;;23;1724;263;275;5.12
15030;LupInf;CCS+;1;2;22/07/2016;J21;25;0;1368;220;274;398;4.99;177;;;;;;NA;;23;1724;263;275;5.12
15030;LupInf;CCS+;1;2;25/07/2016;J24;24;0;NA;NA;NA;NA;NA;NA;;;;;;NA;;23;1724;263;275;5.12
15030;LupInf;CCS+;1;2;01/08/2016;J31;25;645;1403;255;284;596;5.58;187;;;;;;31;1;23;1724;263;275;5.12
15036;LupInf;CCS+;1;1;13/05/2016;J0;25;0;1724;355;285;900;6.17;104;647;23/06/2016;1357;F;647;NA;;25;1724;355;285;6.17
15036;LupInf;CCS+;1;1;27/05/2016;J14;24;NA;1475;363;281;559;5.48;118;988;23/06/2016;1357;F;647;NA;;25;1724;355;285;6.17
15036;LupInf;CCS+;1;1;31/05/2016;J18;23;0;NA;NA;NA;NA;NA;NA;NA;NA;NA;NA;NA;NA;;25;1724;355;285;6.17
15036;LupInf;CCS+;1;1;03/06/2016;J21;22;0;1599;298;283;637;5.67;125;NA;NA;NA;NA;NA;NA;;25;1724;355;285;6.17
15036;LupInf;CCS+;1;1;06/06/2016;J24;21;15;NA;NA;NA;NA;NA;NA;NA;NA;NA;NA;NA;NA;;25;1724;355;285;6.17
15036;LupInf;CCS+;1;1;13/06/2016;J31;17;555;1492;333;283;1182;6.56;135;1100;23/06/2016;1357;G;647;24;1;25;1724;355;285;6.17
15036;LupInf;CCS+;1;2;01/07/2016;J0;21;0;1421;341;307;793;5.99;154;;;;;;NA;;21;1421;341;307;5.99
15036;LupInf;CCS+;1;2;15/07/2016;J14;27;NA;1225;330;293;1103;6.46;168;;;;;;NA;;21;1421;341;307;5.99
15036;LupInf;CCS+;1;2;19/07/2016;J18;26;0;NA;NA;NA;NA;NA;NA;;;;;;NA;;21;1421;341;307;5.99
15036;LupInf;CCS+;1;2;22/07/2016;J21;24;0;1279;266;291;944;6.24;175;;;;;;NA;;21;1421;341;307;5.99
15036;LupInf;CCS+;1;2;25/07/2016;J24;24;0;NA;NA;NA;NA;NA;NA;;;;;;NA;;21;1421;341;307;5.99
15036;LupInf;CCS+;1;2;01/08/2016;J31;23;1050;1475;322;307;1306;6.71;185;;;;;;31;1;21;1421;341;307;5.99
15041;ConcNInf;CCS+;1;1;13/05/2016;J0;26;0;1653;253;324;1837;7.2;111;630;23/06/2016;1357;G;630;NA;;26;1653;253;324;7.2
15041;ConcNInf;CCS+;1;1;27/05/2016;J14;27;NA;1599;238;320;1463;6.87;125;726;23/06/2016;1357;G;630;NA;;26;1653;253;324;7.2
15041;ConcNInf;CCS+;1;1;31/05/2016;J18;27;0;NA;NA;NA;NA;NA;NA;NA;NA;NA;NA;NA;NA;;26;1653;253;324;7.2
15041;ConcNInf;CCS+;1;1;03/06/2016;J21;26;0;1475;250;312;1865;7.22;132;NA;NA;NA;NA;NA;NA;;26;1653;253;324;7.2
15041;ConcNInf;CCS+;1;1;06/06/2016;J24;27;0;NA;NA;NA;NA;NA;NA;NA;NA;NA;NA;NA;NA;;26;1653;253;324;7.2
15041;ConcNInf;CCS+;1;1;13/06/2016;J31;27;0;1475;304;316;2330;7.54;142;779;23/06/2016;1357;G;630;NA;;26;1653;253;324;7.2
15041;ConcNInf;CCS+;1;2;01/07/2016;J0;25;0;1492;250;318;2410;7.59;161;;;;;;NA;;25;1492;250;318;7.59
15041;ConcNInf;CCS+;1;2;15/07/2016;J14;29;NA;1475;234;318;2255;7.5;175;;;;;;NA;;25;1492;250;318;7.59
15041;ConcNInf;CCS+;1;2;19/07/2016;J18;28;0;NA;NA;NA;NA;NA;NA;;;;;;NA;;25;1492;250;318;7.59
15041;ConcNInf;CCS+;1;2;22/07/2016;J21;29;0;1368;241;302;941;6.23;182;;;;;;NA;;25;1492;250;318;7.59
15041;ConcNInf;CCS+;1;2;25/07/2016;J24;30;0;NA;NA;NA;NA;NA;NA;;;;;;NA;;25;1492;250;318;7.59
15041;ConcNInf;CCS+;1;2;01/08/2016;J31;29;0;1546;297;332;2436;7.61;192;;;;;;NA;;25;1492;250;318;7.59
15056;ConcInf;CCS-;1;1;13/05/2016;J0;33;0;1724;305;333;73;2.55;68;609;23/06/2016;1357;F;609;NA;;33;1724;305;333;2.55
15056;ConcInf;CCS-;1;1;27/05/2016;J14;34;NA;1546;290;348;56;2.16;82;1304;23/06/2016;1357;F;609;NA;;33;1724;305;333;2.55
15056;ConcInf;CCS-;1;1;31/05/2016;J18;33;0;NA;NA;NA;NA;NA;NA;NA;NA;NA;NA;NA;NA;;33;1724;305;333;2.55
15056;ConcInf;CCS-;1;1;03/06/2016;J21;30;0;1350;320;333;137;3.45;89;NA;NA;NA;NA;NA;NA;;33;1724;305;333;2.55
15056;ConcInf;CCS-;1;1;06/06/2016;J24;26;90;NA;NA;NA;NA;NA;NA;NA;NA;NA;NA;NA;NA;;33;1724;305;333;2.55
15056;ConcInf;CCS-;1;1;13/06/2016;J31;25;915;1297;290;319;333;4.74;99;1897;23/06/2016;1357;F;609;24;1;33;1724;305;333;2.55
15056;ConcInf;CCS-;1;2;01/07/2016;J0;27;0;1403;267;339;42;1.75;118;;;;;;NA;;27;1403;267;339;1.75
15056;ConcInf;CCS-;1;2;15/07/2016;J14;30;NA;1279;260;344;137;3.45;132;;;;;;NA;;27;1403;267;339;1.75
15056;ConcInf;CCS-;1;2;19/07/2016;J18;28;0;NA;NA;NA;NA;NA;NA;;;;;;NA;;27;1403;267;339;1.75
15056;ConcInf;CCS-;1;2;22/07/2016;J21;29;0;1350;219;336;21;0.75;139;;;;;;NA;;27;1403;267;339;1.75
15056;ConcInf;CCS-;1;2;25/07/2016;J24;28;630;NA;NA;NA;NA;NA;NA;;;;;;NA;;27;1403;267;339;1.75
15056;ConcInf;CCS-;1;2;01/08/2016;J31;25;1000;1279;285;334;176;3.82;149;;;;;;24;1;27;1403;267;339;1.75
15057;ConcInf;CCS+;1;1;13/05/2016;J0;26;0;1777;247;308;54;2.11;108;368;23/06/2016;1357;G;368;NA;;26;1777;247;308;2.11
15057;ConcInf;CCS+;1;1;27/05/2016;J14;25;NA;1599;257;293;85;2.77;122;1009;23/06/2016;1357;G;368;NA;;26;1777;247;308;2.11
15057;ConcInf;CCS+;1;1;31/05/2016;J18;25;0;NA;NA;NA;NA;NA;NA;NA;NA;NA;NA;NA;NA;;26;1777;247;308;2.11
15057;ConcInf;CCS+;1;1;03/06/2016;J21;24;0;1653;220;300;83;2.73;129;NA;NA;NA;NA;NA;NA;;26;1777;247;308;2.11
15057;ConcInf;CCS+;1;1;06/06/2016;J24;22;0;NA;NA;NA;NA;NA;NA;NA;NA;NA;NA;NA;NA;;26;1777;247;308;2.11
15057;ConcInf;CCS+;1;1;13/06/2016;J31;23;60;1795;236;298;173;3.79;139;1915;23/06/2016;1357;G;368;31;1;26;1777;247;308;2.11
15057;ConcInf;CCS+;1;2;01/07/2016;J0;23;0;1403;222;296;79;2.66;158;;;;;;NA;;23;1403;222;296;2.66
15057;ConcInf;CCS+;1;2;15/07/2016;J14;30;NA;1421;232;302;197;3.98;172;;;;;;NA;;23;1403;222;296;2.66
15057;ConcInf;CCS+;1;2;19/07/2016;J18;26;0;NA;NA;NA;NA;NA;NA;;;;;;NA;;23;1403;222;296;2.66
15057;ConcInf;CCS+;1;2;22/07/2016;J21;28;0;1546;194;300;64;2.36;179;;;;;;NA;;23;1403;222;296;2.66
15057;ConcInf;CCS+;1;2;25/07/2016;J24;27;0;NA;NA;NA;NA;NA;NA;;;;;;NA;;23;1403;222;296;2.66
15057;ConcInf;CCS+;1;2;01/08/2016;J31;26;0;1546;262;334;713;5.83;189;;;;;;31;0;23;1403;222;296;2.66
15074;ConcNInf;CCS-;1;1;13/05/2016;J0;26;0;2276;249;291;358;4.84;105;855;23/06/2016;1357;H;855;NA;;26;2276;249;291;4.84
15074;ConcNInf;CCS-;1;1;27/05/2016;J14;26;NA;2027;262;283;393;4.97;119;693;23/06/2016;1357;H;855;NA;;26;2276;249;291;4.84
15074;ConcNInf;CCS-;1;1;31/05/2016;J18;26;0;NA;NA;NA;NA;NA;NA;NA;NA;NA;NA;NA;NA;;26;2276;249;291;4.84
15074;ConcNInf;CCS-;1;1;03/06/2016;J21;27;0;1724;259;284;836;6.06;126;NA;NA;NA;NA;NA;NA;;26;2276;249;291;4.84
15074;ConcNInf;CCS-;1;1;06/06/2016;J24;26;0;NA;NA;NA;NA;NA;NA;NA;NA;NA;NA;NA;NA;;26;2276;249;291;4.84
15074;ConcNInf;CCS-;1;1;13/06/2016;J31;26;0;1724;315;284;767;5.94;136;833;23/06/2016;1357;H;855;NA;;26;2276;249;291;4.84
15074;ConcNInf;CCS-;1;2;01/07/2016;J0;24;0;2116;265;297;446;5.16;155;;;;;;NA;;24;2116;265;297;5.16
15074;ConcNInf;CCS-;1;2;15/07/2016;J14;28;NA;1795;259;297;737;5.88;169;;;;;;NA;;24;2116;265;297;5.16
15074;ConcNInf;CCS-;1;2;19/07/2016;J18;25;0;NA;NA;NA;NA;NA;NA;;;;;;NA;;24;2116;265;297;5.16
15074;ConcNInf;CCS-;1;2;22/07/2016;J21;26;0;1849;210;297;400;5;176;;;;;;NA;;24;2116;265;297;5.16
15074;ConcNInf;CCS-;1;2;25/07/2016;J24;27;0;NA;NA;NA;NA;NA;NA;;;;;;NA;;24;2116;265;297;5.16
15074;ConcNInf;CCS-;1;2;01/08/2016;J31;27;0;1973;308;309;889;6.15;186;;;;;;NA;;24;2116;265;297;5.16
15090;ConcInf;CCS-;1;1;13/05/2016;J0;23;0;2169;229;306;419;5.07;108;259;23/06/2016;1357;G;259;NA;;23;2169;229;306;5.07
15090;ConcInf;CCS-;1;1;27/05/2016;J14;23;NA;1813;285;304;1188;6.57;122;469;23/06/2016;1357;G;259;NA;;23;2169;229;306;5.07
15090;ConcInf;CCS-;1;1;31/05/2016;J18;21;0;NA;NA;NA;NA;NA;NA;NA;NA;NA;NA;NA;NA;;23;2169;229;306;5.07
15090;ConcInf;CCS-;1;1;03/06/2016;J21;21;0;1653;263;297;584;5.55;129;NA;NA;NA;NA;NA;NA;;23;2169;229;306;5.07
15090;ConcInf;CCS-;1;1;06/06/2016;J24;20;210;NA;NA;NA;NA;NA;NA;NA;NA;NA;NA;NA;NA;;23;2169;229;306;5.07
15090;ConcInf;CCS-;1;1;13/06/2016;J31;18;780;1777;258;296;2166;7.44;139;919;23/06/2016;1357;G;259;24;1;23;2169;229;306;5.07
15090;ConcInf;CCS-;1;2;01/07/2016;J0;23;0;1670;233;298;597;5.58;158;;;;;;NA;;23;1670;233;298;5.58
15090;ConcInf;CCS-;1;2;15/07/2016;J14;23;NA;1670;212;311;1497;6.9;172;;;;;;NA;;23;1670;233;298;5.58
15090;ConcInf;CCS-;1;2;19/07/2016;J18;22;0;NA;NA;NA;NA;NA;NA;;;;;;NA;;23;1670;233;298;5.58
15090;ConcInf;CCS-;1;2;22/07/2016;J21;21;0;1653;210;305;16;0.36;179;;;;;;NA;;23;1670;233;298;5.58
15090;ConcInf;CCS-;1;2;25/07/2016;J24;20;615;NA;NA;NA;NA;NA;NA;;;;;;NA;;23;1670;233;298;5.58
15090;ConcInf;CCS-;1;2;01/08/2016;J31;19;2600;1421;300;325;4737;8.57;189;;;;;;24;1;23;1670;233;298;5.58
15095;LupInf;CCS-;1;1;13/05/2016;J0;26;0;1492;277;278;106;3.08;106;872;23/06/2016;1357;G;872;NA;;26;1492;277;278;3.08
15095;LupInf;CCS-;1;1;27/05/2016;J14;26;NA;1546;219;284;33;1.4;120;1502;23/06/2016;1357;G;872;NA;;26;1492;277;278;3.08
15095;LupInf;CCS-;1;1;31/05/2016;J18;23;0;NA;NA;NA;NA;NA;NA;NA;NA;NA;NA;NA;NA;;26;1492;277;278;3.08
15095;LupInf;CCS-;1;1;03/06/2016;J21;22;120;1457;252;280;45;1.85;127;NA;NA;NA;NA;NA;NA;;26;1492;277;278;3.08
15095;LupInf;CCS-;1;1;06/06/2016;J24;25;1410;NA;NA;NA;NA;NA;NA;NA;NA;NA;NA;NA;NA;;26;1492;277;278;3.08
15095;LupInf;CCS-;1;1;13/06/2016;J31;19;795;1225;333;293;4344;8.44;137;1207;23/06/2016;1357;G;872;21;1;26;1492;277;278;3.08
15095;LupInf;CCS-;1;2;01/07/2016;J0;23;0;1546;336;294;19;0.6;156;;;;;;NA;;23;1546;336;294;0.6
15095;LupInf;CCS-;1;2;15/07/2016;J14;28;NA;1208;238;302;71;2.51;170;;;;;;NA;;23;1546;336;294;0.6
15095;LupInf;CCS-;1;2;19/07/2016;J18;26;0;NA;NA;NA;NA;NA;NA;;;;;;NA;;23;1546;336;294;0.6
15095;LupInf;CCS-;1;2;22/07/2016;J21;25;0;1172;249;277;38;1.6;177;;;;;;NA;;23;1546;336;294;0.6
15095;LupInf;CCS-;1;2;25/07/2016;J24;25;915;NA;NA;NA;NA;NA;NA;;;;;;NA;;23;1546;336;294;0.6
15095;LupInf;CCS-;1;2;01/08/2016;J31;25;2700;1279;282;275;61;2.29;187;;;;;;24;1;23;1546;336;294;0.6
15241;LupNInf;CCS-;1;1;13/05/2016;J0;28;0;1154;416;332;234;4.23;118;730;23/06/2016;1357;G;730;NA;;28;1154;416;332;4.23
15241;LupNInf;CCS-;1;1;27/05/2016;J14;26;NA;1154;370;332;52;2.06;132;840;23/06/2016;1357;G;730;NA;;28;1154;416;332;4.23
15241;LupNInf;CCS-;1;1;31/05/2016;J18;27;0;NA;NA;NA;NA;NA;NA;NA;NA;NA;NA;NA;NA;;28;1154;416;332;4.23
15241;LupNInf;CCS-;1;1;03/06/2016;J21;25;0;1154;391;330;79;2.66;139;NA;NA;NA;NA;NA;NA;;28;1154;416;332;4.23
15241;LupNInf;CCS-;1;1;06/06/2016;J24;26;0;NA;NA;NA;NA;NA;NA;NA;NA;NA;NA;NA;NA;;28;1154;416;332;4.23
15241;LupNInf;CCS-;1;1;13/06/2016;J31;24;0;1208;371;337;79;2.66;149;711;23/06/2016;1357;G;730;NA;;28;1154;416;332;4.23
15241;LupNInf;CCS-;1;2;01/07/2016;J0;23;0;1154;374;337;46;1.88;168;;;;;;NA;;23;1154;374;337;1.88
15241;LupNInf;CCS-;1;2;15/07/2016;J14;29;NA;780;359;343;598;5.58;182;;;;;;NA;;23;1154;374;337;1.88
15241;LupNInf;CCS-;1;2;19/07/2016;J18;26;0;NA;NA;NA;NA;NA;NA;;;;;;NA;;23;1154;374;337;1.88
15241;LupNInf;CCS-;1;2;22/07/2016;J21;26;0;976;335;355;159;3.67;189;;;;;;NA;;23;1154;374;337;1.88
15241;LupNInf;CCS-;1;2;25/07/2016;J24;27;0;NA;NA;NA;NA;NA;NA;;;;;;NA;;23;1154;374;337;1.88
15241;LupNInf;CCS-;1;2;01/08/2016;J31;30;0;905;334;348;131;3.39;199;;;;;;NA;;23;1154;374;337;1.88
15366;LupInf;CCS-;1;1;13/05/2016;J0;26;0;1368;308;267;89;2.83;78;1099;23/06/2016;1357;G;1099;NA;;26;1368;308;267;2.83
15366;LupInf;CCS-;1;1;27/05/2016;J14;26;NA;923;294;271;3375;8.08;92;1613;23/06/2016;1357;G;1099;NA;;26;1368;308;267;2.83
15366;LupInf;CCS-;1;1;31/05/2016;J18;23;0;NA;NA;NA;NA;NA;NA;NA;NA;NA;NA;NA;NA;;26;1368;308;267;2.83
15366;LupInf;CCS-;1;1;03/06/2016;J21;20;705;1083;269;280;547;5.45;99;NA;NA;NA;NA;NA;NA;;26;1368;308;267;2.83
15366;LupInf;CCS-;1;1;06/06/2016;J24;22;2625;NA;NA;NA;NA;NA;NA;NA;NA;NA;NA;NA;NA;;26;1368;308;267;2.83
15366;LupInf;CCS-;1;1;13/06/2016;J31;17;2145;1012;288;266;3118;7.96;109;1459;23/06/2016;1357;H;1099;21;1;26;1368;308;267;2.83
15366;LupInf;CCS-;1;2;01/07/2016;J0;21;0;994;330;287;189;3.92;128;;;;;;NA;;21;994;330;287;3.92
15366;LupInf;CCS-;1;2;15/07/2016;J14;26;NA;905;280;276;661;5.72;142;;;;;;NA;;21;994;330;287;3.92
15366;LupInf;CCS-;1;2;19/07/2016;J18;22;0;NA;NA;NA;NA;NA;NA;;;;;;NA;;21;994;330;287;3.92
15366;LupInf;CCS-;1;2;22/07/2016;J21;21;450;1030;212;274;214;4.1;149;;;;;;NA;;21;994;330;287;3.92
15366;LupInf;CCS-;1;2;25/07/2016;J24;23;1860;NA;NA;NA;NA;NA;NA;;;;;;NA;;21;994;330;287;3.92
15366;LupInf;CCS-;1;2;01/08/2016;J31;22;3150;1154;258;288;666;5.74;159;;;;;;21;1;21;994;330;287;3.92
